,ID,brand,model,year,worked,price,color,engine_status,chassis_status,body_status,insurance_deadline
0,QYaSIycd,land-rover,,1987,76000,160000000,آبی,سالم,سالم و پلمپ,سالم و بیu200cخط و خش,10
1,QYq-D2SF,peugeot,206,1395,110000,183000000,سفید,سالم,سالم و پلمپ,رنگu200cشدگی، در ۲ ناحیه,6
2,QYqCUDLr,peugeot,206-sd,1396,62000,240000000,سفید,سالم,سالم و پلمپ,سالم و بیu200cخط و خش,12
3,QYqyj72F,peugeot,405,1384,333000,48000000,خاکستری,,,,4
4,QYqyDse2,pride,sedan,1381,200000,35000000,سفید,سالم,,دوررنگ,12
5,QYquTSmH,saina,manual,1400,47,183000000,نوکu200cمدادی,سالم,سالم و پلمپ,سالم و بیu200cخط و خش,12
6,QYq6Tl7p,peugeot,207i,1400,0,350000000,سفید صدفی,سالم,سالم و پلمپ,سالم و بیu200cخط و خش,12
7,QYqyzH8X,samand,lx,1399,27000,240000000,خاکستری,سالم,سالم و پلمپ,سالم و بیu200cخط و خش,12
8,QYqyzBtY,paykan,pickup,1392,170000,122000000,سفید,سالم,سالم و پلمپ,خط و خش جزیی,9
9,QYqyTADw,peugeot,pars,1398,31000,248000000,سفید,سالم,سالم و پلمپ,سالم و بیu200cخط و خش,12
10,QYquj811,peugeot,2008,1398,19000,1030000000,مشکی,سالم,سالم و پلمپ,سالم و بیu200cخط و خش,7
11,QYqyTCed,peugeot,405,1391,150000,117000000,خاکستری,سالم,سالم و پلمپ,دوررنگ,3
12,QYqqjNzt,runna,el,1391,196000,145000000,سفید,سالم,,,10
13,QYe-CXG4,peugeot,pars,1395,80,195000000,نوکu200cمدادی,سالم,سالم و پلمپ,رنگu200cشدگی، در ۲ ناحیه,9
14,QYqyjEbx,samand,se,1391,280000,115000000,سفید,سالم,,,7
15,QYquDWcv,peugeot,207i,1399,50000,312000000,سفید,سالم,سالم و پلمپ,سالم و بیu200cخط و خش,7
16,QYqKAL0-,peugeot,pars,1388,230000,136000000,سفید,سالم,سالم و پلمپ,خط و خش جزیی,12
17,QYqij0TW,brilliance,h220,1397,95000,235000000,سفید,سالم,سالم و پلمپ,سالم و بیu200cخط و خش,9
18,QYqqTfy-,toyota,aurion,2011,40000,2600000000,مشکی,سالم,سالم و پلمپ,سالم و بیu200cخط و خش,2
19,QYqqzOwj,dongfeng,h30-cross,1395,69000,325000000,اطلسی,سالم,,,6
20,QYqiDULk,renault,pars-tondar,1394,128000,238000000,سفید,سالم,سالم و پلمپ,سالم و بیu200cخط و خش,9
21,QYaGFlps,renault,tondar-90-plus,1398,0,550000000,سفید,سالم,سالم و پلمپ,سالم و بیu200cخط و خش,8
22,QYqmDJz9,paykan,petrol,1366,200000,45000000,آبی,سالم,رنگu200cشده,دوررنگ,2
23,QYqezAA4,renault,sandero-stepway,1397,36000,530000000,سفید,سالم,سالم و پلمپ,سالم و بیu200cخط و خش,6
24,QYqeD4WA,peugeot,pars,1396,50000,219000000,سفید,سالم,سالم و پلمپ,سالم و بیu200cخط و خش,11
25,QYRy_emk,kia,sorento,2012,176000,1150000000,قهوهu200cای,سالم,سالم و پلمپ,سالم و بیu200cخط و خش,10
26,QYqeDITl,peugeot,206,1391,91000,148000000,سفید,سالم,سالم و پلمپ,سالم و بیu200cخط و خش,6
27,QYqajUGd,peugeot,207i,1398,40000,298000000,سفید,سالم,سالم و پلمپ,سالم و بیu200cخط و خش,7
28,QYqijM0v,pride,131,1395,69800,120000000,نوکu200cمدادی,سالم,سالم و پلمپ,سالم و بیu200cخط و خش,6
29,QYqajkt3,pride,131,1398,45000,118000000,سفید,سالم,سالم و پلمپ,سالم و بیu200cخط و خش,3
30,QYqajZ1p,kia,cerato,2012,123000,535000000,مشکی,سالم,سالم و پلمپ,سالم و بیu200cخط و خش,12
31,QYqaDiZ9,kia,cerato,2013,108000,580000000,سفید صدفی,سالم,سالم و پلمپ,رنگu200cشدگی، در چند ناحیه,11
32,QYqazakX,tiba,hatchback,1398,35000,156000000,سفید,سالم,سالم و پلمپ,سالم و بیu200cخط و خش,8
33,QYqaj-Gg,peugeot,roa,1387,350000,70000000,نوکu200cمدادی,سالم,سالم و پلمپ,دوررنگ,4
34,QYqSjqpI,peugeot,207i,1396,45000,319000000,سفید,سالم,سالم و پلمپ,سالم و بیu200cخط و خش,6
35,QYqSzjWS,peugeot,405,1385,402000,90000000,نقرهu200cای,سالم,سالم و پلمپ,رنگu200cشدگی در ۱ ناحیه,6
36,QYqSTa2G,hyundai,elantra,2015,9000,1200000000,کرم,سالم,سالم و پلمپ,سالم و بیu200cخط و خش,6
37,QYqaTUh3,paykan,pickup,1388,300000,85000000,سفید,سالم,,رنگu200cشدگی، در چند ناحیه,12
38,QYa6QmZm,mvm,x33s,1400,10000,169000000,نوکu200cمدادی,سالم,سالم و پلمپ,سالم و بیu200cخط و خش,12
39,QYqawh5Z,samand,lx,1398,41000,209000000,آبی,سالم,سالم و پلمپ,سالم و بیu200cخط و خش,6
40,QYqKDlUp,pride,sedan,1389,290000,67500000,سفید,سالم,سالم و پلمپ,سالم و بیu200cخط و خش,3
41,QYDt5bim,zamyad,z-24,1400,0,287000000,آبی,سالم,سالم و پلمپ,سالم و بیu200cخط و خش,12
42,QYjmTmQu,renault,tondar-90,1397,13000,360000000,سفید,سالم,سالم و پلمپ,سالم و بیu200cخط و خش,9
43,QYoOLlZ9,peugeot,207i,1399,10000,330000000,سفید,سالم,سالم و پلمپ,سالم و بیu200cخط و خش,10
44,QYk6dFVt,hyundai,santafe-ix45,2015,48000,1530000000,سفید صدفی,سالم,سالم و پلمپ,سالم و بیu200cخط و خش,7
45,QYqOjiv_,daewoo,matiz,1381,60000,45000000,بژ,سالم,سالم و پلمپ,دوررنگ,5
46,QYqCDZe_,hyundai,azera-grandeur,2008,185000,579000000,مشکی,سالم,سالم و پلمپ,رنگu200cشدگی، در ۲ ناحیه,11
47,QYmuTsYW,peugeot,206,1392,175000,137000000,سفید,سالم,سالم و پلمپ,خط و خش جزیی,8
48,QYqKDgPx,shahin,g,1400,100,350000000,سفید,سالم,سالم و پلمپ,سالم و بیu200cخط و خش,12
49,QYqCT_Mw,peugeot,405,1381,404000,57000000,یشمی,سالم,سالم و پلمپ,دوررنگ,4
50,QYqeVzk9,peugeot,405,1395,190000,120000000,زرد,سالم,,رنگu200cشدگی، در چند ناحیه,12
51,QYqWVxqd,renault,sandero-stepway,1396,35000,496000000,سفید,سالم,سالم و پلمپ,سالم و بیu200cخط و خش,6
52,QYqWFuRh,lexus,nx-200t,2016,40000,3000000000,تیتانیوم,سالم,سالم و پلمپ,سالم و بیu200cخط و خش,10
53,QYqmVogX,paykan,petrol,1383,13000,110000000,سفید,سالم,سالم و پلمپ,سالم و بیu200cخط و خش,10
54,QYq-lkyn,kia,rio-ir,1385,370,120000000,نوکu200cمدادی,سالم,سالم و پلمپ,خط و خش جزیی,5
55,QYjqNjzP,pride,131,1394,155100,112000000,سفید,سالم,سالم و پلمپ,رنگu200cشدگی در ۱ ناحیه,5
56,QYq21FXR,mvm,x33,1394,25000,350000000,سفید,سالم,سالم و پلمپ,سالم و بیu200cخط و خش,7
57,QYqKWe5l,peugeot,405,1396,56000,180000000,نوکu200cمدادی,سالم,سالم و پلمپ,سالم و بیu200cخط و خش,9
58,QYqKmaaD,hyundai,avante,1386,250,295000000,سفید,سالم,سالم و پلمپ,سالم و بیu200cخط و خش,6
59,QYqK2Cng,peugeot,206,1384,300000,115000000,خاکستری,سالم,سالم و پلمپ,خط و خش جزیی,9
60,QYqW2ViU,peugeot,405,1395,82000,140000000,خاکستری,سالم,,تصادفی,12
61,QYqOGTpy,peugeot,207i,1399,23000,315000000,خاکستری,سالم,سالم و پلمپ,سالم و بیu200cخط و خش,8
62,QYqO2QWD,mvm,x33,1393,105000,285000000,سفید,سالم,سالم و پلمپ,سالم و بیu200cخط و خش,2
63,QYqiGmRN,tiba,sedan,1400,2000,167000000,سفید,سالم,سالم و پلمپ,سالم و بیu200cخط و خش,10
64,QYqOmIPY,peugeot,pars,1399,4000,269000000,سفید,سالم,سالم و پلمپ,سالم و بیu200cخط و خش,12
65,QYrSF2t1,kia,cerato-ir,1397,72000,720000000,مشکی,سالم,سالم و پلمپ,خط و خش جزیی,10
66,QYrO1rBV,samand,soren-plus,1400,0,310000000,مشکی,سالم,سالم و پلمپ,سالم و بیu200cخط و خش,12
67,QYrW1d1o,pride,sedan,1389,180000,68000000,خاکستری,سالم,سالم و پلمپ,رنگu200cشدگی، در ۱ ناحیه,12
68,QYrW1pdr,mercedes-benz,e-class-coupe,2012,134000,2950000000,مشکی,سالم,سالم و پلمپ,سالم و بیu200cخط و خش,11
69,wX5LnLZy,chery,arrizo-6,1400,0,262000000,مشکی,سالم,سالم و پلمپ,سالم و بیu200cخط و خش,12
70,QYrK1k6b,bmw,x4,2017,80000,4000000000,مشکی,سالم,سالم و پلمپ,سالم و بیu200cخط و خش,12
71,QYra1jHd,dena,basic,1395,127000,245000000,مشکی,سالم,,سالم و بیu200cخط و خش,4
72,QYrSFUt9,jac,s5,1397,36000,690000000,سفید,سالم,سالم و پلمپ,سالم و بیu200cخط و خش,10
73,QY3gAPvY,quick,manual,1400,0,185000000,سفید,سالم,سالم و پلمپ,سالم و بیu200cخط و خش,12
74,QYrWJNDu,peugeot,405,1394,115000,176000000,نقرهu200cای,سالم,سالم و پلمپ,صافکاری بیu200cرنگ، در ۱ ناحیه,5
75,QYre5EcG,peugeot,pars,1389,200000,110000000,سفید,سالم,سالم و پلمپ,سالم و بیu200cخط و خش,7
76,QYraZtuZ,nissan,patrol-4-door,1376,240000,240000000,یشمی,سالم,سالم و پلمپ,دوررنگ,6
77,QYrap4uW,peugeot,pars,1399,0,269000000,سفید,سالم,سالم و پلمپ,سالم و بیu200cخط و خش,1
78,QYrS5xLQ,great-wall,c30,1391,160000,198000000,سفید,سالم,سالم و پلمپ,سالم و بیu200cخط و خش,12
79,QYraZwCe,haima,s7-plus,1400,0,800000000,سفید,سالم,سالم و پلمپ,سالم و بیu200cخط و خش,12
80,QYraZ0wd,peugeot,pars,1394,113000,187000000,سفید,سالم,سالم و پلمپ,سالم و بیu200cخط و خش,11
81,QYrSpMgs,peugeot,405,1396,108000,152000000,خاکستری,سالم,,,6
82,QYrSJfFW,peugeot,206,1394,170000,180000000,سفید,سالم,سالم و پلمپ,رنگu200cشدگی، در ۲ ناحیه,6
83,QYrO5Pcz,hyundai,santafe-ix45,2015,80000,1420000000,سفید,سالم,سالم و پلمپ,سالم و بیu200cخط و خش,10
84,QYrK5yxb,renault,tondar-90,1395,110000,270000000,سفید,سالم,سالم و پلمپ,سالم و بیu200cخط و خش,5
85,QYrSZ_XO,peugeot,405,1396,190000,175000000,زرد,سالم,,,6
86,QYrK5bwh,pride,131,1392,190,95000000,سفید,سالم,,سالم و بیu200cخط و خش,7
87,QYraZEcS,chery,tiggo-7,1398,6000,915000000,سفید,سالم,سالم و پلمپ,سالم و بیu200cخط و خش,1
88,QYreJpgE,pride,132,1390,200000,69000000,سفید صدفی,سالم,,رنگu200cشدگی در ۱ ناحیه,9
89,QYreJkGx,peugeot,206-sd,1400,15000,299000000,سفید,سالم,سالم و پلمپ,سالم و بیu200cخط و خش,4
90,QYrioI_A,kia,cerato,2012,123000,535000000,مشکی,سالم,سالم و پلمپ,خط و خش جزیی,12
91,QYrS5KE4,peugeot,pars,1400,4100,276000000,سفید,سالم,سالم و پلمپ,سالم و بیu200cخط و خش,9
92,QYrSJDZT,peugeot,206,1389,230000,162000000,نقرهu200cای,سالم,سالم و پلمپ,رنگu200cشدگی در ۱ ناحیه,9
93,QYrOJ-Ch,peugeot,207i,1399,15,323000000,خاکستری,سالم,سالم و پلمپ,سالم و بیu200cخط و خش,2
94,QYrOpyrF,citroen,xantia,1386,190000,150000000,نقرهu200cای,سالم,سالم و پلمپ,سالم و بیu200cخط و خش,10
95,QYrK6yiT,pride,131,1398,70000,130000000,سفید,سالم,سالم و پلمپ,سالم و بیu200cخط و خش,6
96,QYrKKixZ,peugeot,206,1400,300,268000000,سفید,سالم,سالم و پلمپ,سالم و بیu200cخط و خش,7
97,QYhKbAFM,mvm,x22,1400,0,580000000,آلبالویی,سالم,,,12
98,QYrSaYam,jac,s5,1396,33,630000000,سفید,سالم,سالم و پلمپ,سالم و بیu200cخط و خش,5
99,QYrG6hC2,mitsubishi,asx,2013,130000,850000000,مشکی,سالم,سالم و پلمپ,سالم و بیu200cخط و خش,6
100,QYrC66gU,peugeot,206,1398,26000,215000000,سفید,سالم,سالم و پلمپ,رنگu200cشدگی در ۳ ناحیه,6
101,QYlGve7k,hyundai,genesis-coupe,2011,190000,740000000,زرد,سالم,سالم و پلمپ,رنگu200cشدگی در ۲ ناحیه,6
102,QYrCayIN,peugeot,pars,1391,270000,160000000,سفید,سالم,سالم و پلمپ,سالم و بیu200cخط و خش,8
103,QYrC6hld,paykan,pickup,1393,130000,120000000,سفید,سالم,سالم و پلمپ,خط و خش جزیی,3
104,QYrKKlGM,samand,lx,1398,32000,200000000,خاکستری,سالم,سالم و پلمپ,رنگu200cشدگی در ۲ ناحیه,7
105,QYnGH7mN,pride,131,1398,55000,115000000,نقرهu200cای,سالم,سالم و پلمپ,سالم و بیu200cخط و خش,5
106,QYraR-vR,peugeot,206,1394,83000,183000000,بادمجانی,سالم,سالم و پلمپ,رنگu200cشدگی، در ۲ ناحیه,10
107,QYrCKDDm,toyota,prado-4door,2005,270000,1300000000,سفید,سالم,سالم و پلمپ,رنگu200cشدگی، در ۱ ناحیه,12
108,QYrKaD-n,pride,sedan,1380,350000,33500000,یشمی,سالم,سالم و پلمپ,رنگu200cشدگی، در ۲ ناحیه,11
109,QYr-5C2W,peugeot,405,1384,160000,90000000,نقرهu200cای,سالم,سالم و پلمپ,خط و خش جزیی,10
110,QYbKP38Y,pride,131,1396,56000,125000000,سفید,سالم,سالم و پلمپ,سالم و بیu200cخط و خش,1
111,QYr2Jr9T,renault,tondar-90,1391,200000,200000000,مشکی,,سالم و پلمپ,رنگu200cشدگی در ۲ ناحیه,2
112,QYrCqw8f,tiba,sedan,1397,55000,162000000,سفید,سالم,سالم و پلمپ,سالم و بیu200cخط و خش,9
113,QYr6pfg8,kmc,t8,1399,0,960000000,مشکی,سالم,سالم و پلمپ,سالم و بیu200cخط و خش,12
114,QYr2Jbi9,peugeot,206,1398,33000,230000000,سفید,سالم,سالم و پلمپ,خط و خش جزیی,3
115,QYr-JQTx,rigan,coupa,1398,0,1650000000,سفید,سالم,سالم و پلمپ,سالم و بیu200cخط و خش,12
116,QYr-JU-Q,peugeot,206,1396,54000,210000000,سفید,سالم,سالم و پلمپ,صافکاری بیu200cرنگ,8
117,QYr-pdjr,peugeot,206-sd,1390,270000,145000000,نوکu200cمدادی,سالم,سالم و پلمپ,رنگu200cشدگی، در ۱ ناحیه,8
118,QYryZ2rX,pride,132,1394,85000,115000000,سفید,سالم,سالم و پلمپ,سالم و بیu200cخط و خش,1
119,QYpGBtA8,pride,131,1397,20000,132000000,سفید,سالم,سالم و پلمپ,سالم و بیu200cخط و خش,1
120,QYruZbsO,dena,basic,1398,14000,260000000,سفید,سالم,,صافکاری بیu200cرنگ,6
121,QYru5BD3,pride,131,1390,190000,94000000,نوکu200cمدادی,سالم,سالم و پلمپ,سالم و بیu200cخط و خش,12
122,QYr6BQHZ,lifan,x60,1394,68000,260000000,مشکی,سالم,سالم و پلمپ,سالم و بیu200cخط و خش,8
123,QYrqpLON,haima,s7,1398,25,717000000,مشکی,سالم,سالم و پلمپ,سالم و بیu200cخط و خش,3
124,QYry5jsG,peugeot,206-sd,1399,3000,291000000,سفید,سالم,سالم و پلمپ,سالم و بیu200cخط و خش,10
125,QYmOSxts,renault,tondar-90,1391,148000,212000000,سفید,سالم,سالم و پلمپ,سالم و بیu200cخط و خش,11
126,QYrqpLC4,samand,lx,1391,200000,103000000,آبی,سالم,سالم و پلمپ,سالم و بیu200cخط و خش,4
127,QYjCmcdl,fidelity,prime,1400,0,1070000000,خاکستری,سالم,سالم و پلمپ,سالم و بیu200cخط و خش,9
128,QYrqJCNy,samand,lx,1396,55000,195000000,سفید,سالم,سالم و پلمپ,رنگu200cشدگی در ۲ ناحیه,4
129,QYrqZHlI,zamyad,z-24,1397,58000,237000000,آبی,سالم,سالم و پلمپ,رنگu200cشدگی در ۱ ناحیه,12
130,QYoGYZ0m,hyundai,tucson-ix35,2011,136000,915000000,سفید,سالم,سالم و پلمپ,سالم و بیu200cخط و خش,11
131,QYri57i7,haima,s5,1397,84000,550000000,سفید,سالم,سالم و پلمپ,خط و خش جزیی,1
132,QYriJ6xT,peugeot,206,1394,70000,210000000,سفید,سالم,سالم و پلمپ,سالم و بیu200cخط و خش,2
133,QYrmZ0AO,land-rover,ir,1370,100000,99000000,سرمهu200cای,سالم,سالم و پلمپ,سالم و بیu200cخط و خش,9
134,QYre599b,proton,viera,1386,100000,143000000,نقرهu200cای,سالم,سالم و پلمپ,سالم و بیu200cخط و خش,9
135,QYrq5lqA,pride,131,1396,70000,126000000,سفید,سالم,سالم و پلمپ,سالم و بیu200cخط و خش,10
136,QYrm5jVU,peugeot,206,1396,40000,190000000,سفید,سالم,سالم و پلمپ,سالم و بیu200cخط و خش,4
137,QYriJdBI,renault,sandero-stepway,1397,31000,450000000,سفید,سالم,سالم و پلمپ,سالم و بیu200cخط و خش,12
138,QYreJS8K,peugeot,pars,1399,60000,250000000,سفید,سالم,سالم و پلمپ,سالم و بیu200cخط و خش,8
139,QYraJggs,peugeot,pars,1399,24000,264000000,سفید صدفی,سالم,سالم و پلمپ,سالم و بیu200cخط و خش,7
140,QYrap4e_,peugeot,207i,1398,50000,315000000,نوکu200cمدادی,سالم,سالم و پلمپ,سالم و بیu200cخط و خش,2
141,QYreZ1zB,zamyad,z-24,1399,30000,275000000,آبی,سالم,سالم و پلمپ,سالم و بیu200cخط و خش,7
142,QYrSZOaE,jac,s3,1397,75000,455000000,سفید,سالم,,,5
143,QYrG5-Dl,pride,131,1396,40000,125000000,سفید,سالم,سالم و پلمپ,سالم و بیu200cخط و خش,10
144,QYrO5zi0,pride,111,1393,160000,101000000,سفید,سالم,سالم و پلمپ,رنگu200cشدگی، در ۱ ناحیه,6
145,QYrOJ_GC,hyundai,santafe-ix45,2016,53000,1700000000,سفید صدفی,سالم,سالم و پلمپ,سالم و بیu200cخط و خش,7
146,QYrOZ2Su,lifan,x60,1395,120000,280000000,نوکu200cمدادی,سالم,سالم و پلمپ,رنگu200cشدگی، در چند ناحیه,5
147,QYrO5BiD,peugeot,pars,1399,13000,242000000,خاکستری,سالم,سالم و پلمپ,رنگu200cشدگی، در ۱ ناحیه,2
148,QYrG59Zt,samand,lx,1390,280000,90000000,نوکu200cمدادی,سالم,سالم و پلمپ,دوررنگ,11
149,QYrGZ2DM,pride,sedan,1383,250000,39000000,سفید,سالم,سالم و پلمپ,رنگu200cشدگی در ۱ ناحیه,12
150,QYr6oDaA,pride,sedan,1386,300000,56000000,نقرهu200cای,سالم,سالم و پلمپ,دوررنگ,8
151,QYrCJESP,renault,talisman,2018,20000,1620000000,خاکستری,سالم,سالم و پلمپ,سالم و بیu200cخط و خش,10
152,QYr-Itaw,kia,cerato-ir,1396,70000,750000000,نوکu200cمدادی,سالم,سالم و پلمپ,خط و خش جزیی,9
153,QYrCZ--h,peugeot,pars,1393,152000,147000000,سفید,سالم,سالم و پلمپ,سالم و بیu200cخط و خش,9
154,QYrG5bIA,peugeot,206,1399,11000,295000000,سفید,سالم,سالم و پلمپ,سالم و بیu200cخط و خش,11
155,QYrCZzBY,peugeot,405,1398,52300,220000000,نوکu200cمدادی,سالم,,سالم و بیu200cخط و خش,7
156,QYr6YtTH,kia,mohave,2009,159000,1150000000,قهوهu200cای,سالم,سالم و پلمپ,سالم و بیu200cخط و خش,7
157,QYr6YjpZ,peugeot,405,1392,130000,112000000,خاکستری,سالم,سالم و پلمپ,دوررنگ,10
158,QYr64ku0,mvm,530,1393,120000,195000000,سفید صدفی,سالم,سالم و پلمپ,خط و خش جزیی,4
159,QYr6YPnj,peugeot,206,1396,90000,195000000,سفید صدفی,سالم,سالم و پلمپ,سالم و بیu200cخط و خش,6
160,QYr-4Nxj,runna,lx,1393,217000,128000000,آلبالویی,سالم,,رنگu200cشدگی، در چند ناحیه,6
161,QYraovSJ,renault,tondar-90,1396,51000,252000000,سفید,,,سالم و بیu200cخط و خش,6
162,QYr24Ggo,jac,s5,1396,130000,585000000,مشکی,سالم,سالم و پلمپ,خط و خش جزیی,2
163,QYr2II-o,hyundai,tucson-ix35,2013,67000,1100000000,مشکی,سالم,سالم و پلمپ,سالم و بیu200cخط و خش,11
164,QYrqYKNC,hyundai,elantra,2014,69000,740000000,مشکی,سالم,سالم و پلمپ,سالم و بیu200cخط و خش,4
165,QYryY0Nw,bmw,6-series-convertible,2009,104000,1550000000,سرمهu200cای,سالم,سالم و پلمپ,سالم و بیu200cخط و خش,11
166,QYrmIN73,paykan,pickup,1388,210000,85000000,سفید,سالم,,سالم و بیu200cخط و خش,11
167,QYry4hh_,hyundai,tucson-ix35,2015,47,1300000000,سفید,سالم,سالم و پلمپ,سالم و بیu200cخط و خش,12
168,QYry4fkH,samand,lx,1391,22000,130000000,سفید,سالم,سالم و پلمپ,رنگu200cشدگی در ۲ ناحیه,4
169,QYTK9VlV,delica,van,1386,246000,75000000,سفید,سالم,سالم و پلمپ,دوررنگ,1
170,QYryYNVc,pride,111,1398,15000,145000000,سفید,سالم,سالم و پلمپ,سالم و بیu200cخط و خش,2
171,QYryYIxf,peugeot,206,1396,114000,230000000,مشکی,سالم,سالم و پلمپ,خط و خش جزیی,9
172,QYreazg-,pride,sedan,1382,339000,30500000,یشمی,نیاز به تعمیر,ضربهu200cخورده,دوررنگ,9
173,QYra6q58,peugeot,pars,1392,120000,159000000,خاکستری,سالم,سالم و پلمپ,خط و خش جزیی,9
174,QYrWqZ0J,renault,sandero,1397,45000,419000000,آبی,سالم,سالم و پلمپ,صافکاری بیu200cرنگ,5
175,QYeSzqcm,renault,megan,2006,220000,920000000,مشکی,سالم,سالم و پلمپ,خط و خش جزیی,6
176,QYrSqeWI,pride,131,1390,220000,73000000,نوکu200cمدادی,سالم,,دوررنگ,1
177,QYra6xsb,peugeot,207i,1399,15000,347000000,سفید,سالم,سالم و پلمپ,سالم و بیu200cخط و خش,6
178,QYrOKpZk,peugeot,206,1396,80000,200000000,سفید,سالم,سالم و پلمپ,سالم و بیu200cخط و خش,6
179,QYraqrCp,kia,cerato,2012,123000,530000000,مشکی,سالم,سالم و پلمپ,صافکاری بیu200cرنگ,12
180,QYrKKpQf,quick,manual,1400,0,195000000,سفید,سالم,سالم و پلمپ,سالم و بیu200cخط و خش,12
181,QYrSqHuQ,baic,sabrina,2014,100000,225000000,بژ,سالم,سالم و پلمپ,خط و خش جزیی,9
182,QYU2PD3g,dena,plus,1397,32000,365000000,مشکی,سالم,سالم و پلمپ,سالم و بیu200cخط و خش,7
183,QYrOqUST,paykan,pickup,1392,314000,105000000,سفید,سالم,سالم و پلمپ,صافکاری بیu200cرنگ، در ۱ ناحیه,11
184,QYrW6Uly,peugeot,206,1399,18000,248000000,سفید,سالم,سالم و پلمپ,سالم و بیu200cخط و خش,3
185,QYO5gBnp,renault,megan-ir,1391,138000,480000000,مشکی,سالم,سالم و پلمپ,سالم و بیu200cخط و خش,11
186,QYrOaEBr,hyundai,verna,1389,270000,189000000,نقرهu200cای,سالم,سالم و پلمپ,رنگu200cشدگی در ۱ ناحیه,11
187,QYrC61PA,peugeot,pars,1388,200000,123000000,خاکستری,سالم,سالم و پلمپ,خط و خش جزیی,6
188,QYrCa_2_,jeep,sahra,1998,20000,150000000,مشکی,سالم,سالم و پلمپ,سالم و بیu200cخط و خش,6
189,QYrOqHT1,renault,pickup,1395,115000,300000000,سفید,سالم,سالم و پلمپ,سالم و بیu200cخط و خش,8
190,QYr-Z_qg,nissan,maxima-ir,1384,250000,440000000,سفید,سالم,سالم و پلمپ,رنگu200cشدگی، در ۱ ناحیه,7
191,QYr-Z-hl,paykan,bi-fuel(cng),1383,360000,20000000,سفید,سالم,,,2
192,QYrGa3tI,samand,soren,1387,300000,127000000,سفید,سالم,سالم و پلمپ,صافکاری بیu200cرنگ، در ۲ ناحیه,5
193,QYr-Jgrv,jac,s5,1399,10000,740000000,مشکی,سالم,سالم و پلمپ,سالم و بیu200cخط و خش,8
194,QYrGql7l,shahin,g,1400,4500,340000000,سفید صدفی,سالم,سالم و پلمپ,سالم و بیu200cخط و خش,8
195,QYrGqhPu,zamyad,padra-plus,1400,280,343000000,سفید,سالم,سالم و پلمپ,سالم و بیu200cخط و خش,11
196,QYry1y8z,peugeot,207i,1396,69000,265000000,سفید,سالم,سالم و پلمپ,سالم و بیu200cخط و خش,4
197,QYr-pydb,renault,tondar-90,1396,120000,270000000,سفید صدفی,سالم,,,4
198,QYh-9ZKf,mitsubishi,,1992,201000,380000000,مشکی,سالم,سالم و پلمپ,دوررنگ,7
199,QYrujsup,paykan,pickup,1393,75000,126800000,سفید,سالم,سالم و پلمپ,سالم و بیu200cخط و خش,4
200,QYryZNy_,mercedes-benz,e-class,1366,270000,180000000,طوسی,سالم,سالم و پلمپ,دوررنگ,8
201,QYF2DcGY,haima,s7,1397,25000,750000000,سفید,سالم,سالم و پلمپ,سالم و بیu200cخط و خش,5
202,QYru5Hde,pride,131,1399,30000,150000000,سفید,سالم,سالم و پلمپ,سالم و بیu200cخط و خش,6
203,QYr65HNs,peugeot,206,1400,500,259000000,سفید,سالم,سالم و پلمپ,سالم و بیu200cخط و خش,11
204,QYruZHo4,pride,131,1392,175000,99000000,سفید,سالم,,خط و خش جزیی,10
205,QYryJZtu,peugeot,pars,1395,70000,245000000,سفید,سالم,سالم و پلمپ,سالم و بیu200cخط و خش,8
206,QYrq5tvL,peugeot,pars,1396,31000,285000000,سفید,سالم,سالم و پلمپ,سالم و بیu200cخط و خش,12
207,QYrqprxL,peugeot,405,1383,260000,75000000,یشمی,سالم,سالم و پلمپ,سالم و بیu200cخط و خش,6
208,QYryJx3h,kia,sportage,2016,112000,1450000000,سفید,سالم,سالم و پلمپ,رنگu200cشدگی، در ۱ ناحیه,3
209,QYryJsua,peugeot,pars,1389,314000,149000000,سفید صدفی,سالم,سالم و پلمپ,رنگu200cشدگی در ۴ ناحیه,2
210,QYrmJnQ-,renault,tondar-90,1393,160000,290000000,مشکی,سالم,سالم و پلمپ,صافکاری بیu200cرنگ، در ۱ ناحیه,9
211,QYra5_Vo,peugeot,pars,1394,190000,230000000,قهوهu200cای,سالم,سالم و پلمپ,خط و خش جزیی,9
212,QYrqJvyu,peugeot,405,1391,190000,145000000,نقرهu200cای,سالم,سالم و پلمپ,خط و خش جزیی,10
213,QYre5w3l,renault,tondar-90,1389,153000,160000000,سفید,سالم,سالم و پلمپ,سالم و بیu200cخط و خش,6
214,QYrep1t2,nissan,maxima-ir,1389,200000,850000000,سفید,سالم,سالم و پلمپ,سالم و بیu200cخط و خش,6
215,QYreJiDt,peugeot,405,1387,240000,97000000,نقرهu200cای,سالم,سالم و پلمپ,رنگu200cشدگی، در ۲ ناحیه,2
216,QYra5IYb,pride,131,1393,103000,108000000,سفید,سالم,سالم و پلمپ,سالم و بیu200cخط و خش,11
217,QYrepSew,toyota,camry,2007,196000,615000000,آبی,سالم,سالم و پلمپ,سالم و بیu200cخط و خش,12
218,QYrWJulR,nissan,patrol-4-door,1372,260000,260000000,سرمهu200cای,سالم,سالم و پلمپ,خط و خش جزیی,12
219,QYrS5T8B,peugeot,206,1398,28000,225000000,سفید,سالم,سالم و پلمپ,سالم و بیu200cخط و خش,8
220,QYra5ENK,hyundai,verna,1384,216000,118000000,ذغالی,سالم,سالم و پلمپ,تمامu200cرنگ,7
221,QYrKptH8,renault,tondar-90-plus,1396,94000,365000000,سفید,سالم,سالم و پلمپ,سالم و بیu200cخط و خش,5
222,QYrS5KHF,peugeot,405,1396,96000,145000000,خاکستری,سالم,سالم و پلمپ,تمامu200cرنگ,6
223,QYp-6aNJ,peugeot,405,1380,368000,54000000,بژ,سالم,سالم و پلمپ,دوررنگ,11
224,QYrS5CIJ,peugeot,206,1395,57,185000000,سفید صدفی,سالم,,صافکاری بیu200cرنگ,6
225,QYryIUVZ,peugeot,405,1390,185000,109000000,نقرهu200cای,سالم,سالم و پلمپ,سالم و بیu200cخط و خش,10
226,QYr-42Wz,peugeot,206,1397,70000,200000000,خاکستری,سالم,سالم و پلمپ,سالم و بیu200cخط و خش,6
227,QYrGJlUU,peugeot,206,1384,340000,86000000,نوکu200cمدادی,سالم,سالم و پلمپ,دوررنگ,3
228,QYr-YVhm,pride,131,1395,153000,105000000,سفید,سالم,سالم و پلمپ,دوررنگ,12
229,QYr-4RYJ,peugeot,pars,1395,63000,230000000,سفید صدفی,سالم,سالم و پلمپ,خط و خش جزیی,1
230,QYrGJGpQ,samand,lx,1397,98000,249000000,سفید,سالم,سالم و پلمپ,سالم و بیu200cخط و خش,6
231,QYeCTQ1m,mvm,x33,1399,1,189000000,مشکی,سالم,سالم و پلمپ,سالم و بیu200cخط و خش,12
232,QYrCJ4mU,peugeot,206-sd,1392,140000,165000000,سفید,سالم,سالم و پلمپ,خط و خش جزیی,12
233,QYr24UiO,samand,lx,1394,137000,125000000,خاکستری,سالم,سالم و پلمپ,تمامu200cرنگ,11
234,QYr6o4B5,peugeot,206,1398,40000,260000000,سفید,سالم,سالم و پلمپ,سالم و بیu200cخط و خش,6
235,QYr2YhPs,samand,soren,1391,118000,135000000,آبی,سالم,سالم و پلمپ,رنگu200cشدگی در ۲ ناحیه,3
236,QYr6Y46H,zamyad,z-24,1400,0,295000000,آبی,سالم,سالم و پلمپ,سالم و بیu200cخط و خش,12
237,QYr-4Euf,peugeot,206,1399,35000,298000000,سفید,سالم,سالم و پلمپ,سالم و بیu200cخط و خش,1
238,QYr6oJ3B,peugeot,405,1393,154000,108000000,خاکستری,سالم,,تمامu200cرنگ,3
239,QYr2YYV1,fidelity,prime,1400,10,1120000000,سفید,سالم,,سالم و بیu200cخط و خش,11
240,QYqmXIt2,peugeot,206-sd,1394,94000,185000000,سفید,سالم,سالم و پلمپ,سالم و بیu200cخط و خش,8
241,QYr2Yr-q,peugeot,405,1389,297889,122000000,نقرآبی,سالم,سالم و پلمپ,رنگu200cشدگی، در ۲ ناحیه,1
242,QYryY1-6,saina,manual,1400,1000,186000000,سفید,سالم,سالم و پلمپ,سالم و بیu200cخط و خش,10
243,QYrao1Rm,pride,131,1399,18000,140000000,سفید,سالم,سالم و پلمپ,سالم و بیu200cخط و خش,2
244,QYr24FZx,peugeot,206-sd,1390,175,175000000,سفید,سالم,سالم و پلمپ,خط و خش جزیی,4
245,QYry4Nm6,paykan,bi-fuel(cng),1380,270000,30000000,سفید,سالم,سالم و پلمپ,سالم و بیu200cخط و خش,6
246,QYryoF7A,paykan,pickup,1391,200000,113000000,سفید صدفی,سالم,سالم و پلمپ,سالم و بیu200cخط و خش,10
247,QYrqIVWX,peugeot,pars,1383,178000,85000000,نقرهu200cای,سالم,سالم و پلمپ,سالم و بیu200cخط و خش,9
248,QYrqIOmK,lexus,es,2009,180000,1400000000,سفید صدفی,سالم,سالم و پلمپ,سالم و بیu200cخط و خش,11
249,QYrmY-OU,tiba,hatchback,1399,20000,165000000,مشکی,سالم,سالم و پلمپ,سالم و بیu200cخط و خش,9
250,QYrqoBcp,pride,sedan,1389,168000,25000000,سفید,سالم,سالم و پلمپ,تصادفی,5
251,QYiuxYvJ,nissan,pickup,1386,245682,160000000,آبی,سالم,سالم و پلمپ,سالم و بیu200cخط و خش,11
252,QYrmI5ki,mvm,315-hatchback,1395,96000,175000000,مشکی,سالم,سالم و پلمپ,خط و خش جزیی,7
253,QYru1pCX,peugeot,405,1384,165000,83000000,نوکu200cمدادی,سالم,سالم و پلمپ,رنگu200cشدگی در ۱ ناحیه,1
254,QYruYjL4,samand,lx,1400,0,272000000,سفید,سالم,سالم و پلمپ,سالم و بیu200cخط و خش,12
255,QYrmYJGl,peugeot,207i,1397,53000,380000000,خاکستری,سالم,سالم و پلمپ,,1
256,QYraoAwV,peugeot,207i,1396,49000,278000000,سفید,سالم,سالم و پلمپ,سالم و بیu200cخط و خش,5
257,QYrmISS5,peugeot,206,1399,25000,237000000,سفید,سالم,سالم و پلمپ,سالم و بیu200cخط و خش,10
258,QYrm4hrd,pride,131,1399,23000,140800000,سفید,سالم,سالم و پلمپ,سالم و بیu200cخط و خش,10
259,QYreYXV5,dongfeng,h30-cross,1397,80000,332000000,خاکستری,سالم,سالم و پلمپ,سالم و بیu200cخط و خش,4
260,QYraYbYh,pride,131,1393,170000,97000000,سفید,سالم,سالم و پلمپ,خط و خش جزیی,2
261,QYfe3Igd,mazda,3-ir,1388,168000,465000000,سفید,سالم,سالم و پلمپ,سالم و بیu200cخط و خش,12
262,QYraIGcA,peugeot,pars,1393,130000,182000000,نوکu200cمدادی,سالم,سالم و پلمپ,خط و خش جزیی,6
263,QYrWY3tH,peugeot,405,1388,141000,96000000,نقرهu200cای,سالم,سالم و پلمپ,رنگu200cشدگی، در چند ناحیه,10
264,QYrWoviB,toyota,c-hr,2017,22000,2000000000,سفید صدفی,سالم,سالم و پلمپ,سالم و بیu200cخط و خش,12
265,QYra4_qz,peugeot,207i,1399,20000,300000000,سفید,تعویض شده,سالم و پلمپ,رنگu200cشدگی در ۲ ناحیه,9
266,QYr2moN7,peugeot,206,1394,126,190000000,سفید,سالم,سالم و پلمپ,خط و خش جزیی,6
267,QYrOI9Bb,kia,sorento,2013,205000,1370000000,سفید صدفی,سالم,سالم و پلمپ,سالم و بیu200cخط و خش,5
268,QYrSYdqu,peugeot,206-sd,1393,95000,204000000,سفید,سالم,سالم و پلمپ,سالم و بیu200cخط و خش,3
269,QYnJiBKh,pride,131,1399,11000,150000000,سفید,سالم,سالم و پلمپ,سالم و بیu200cخط و خش,10
270,QYrSYEMD,peugeot,pars,1393,130000,184000000,سفید,سالم,سالم و پلمپ,سالم و بیu200cخط و خش,1
271,QYrWIHsO,kia,cerato,2018,54000,660000000,سفید,سالم,,سالم و بیu200cخط و خش,6
272,QYU2MhM0,peugeot,206,1394,124000,182000000,سفید,سالم,سالم و پلمپ,رنگu200cشدگی در ۱ ناحیه,3
273,QYrWIHgH,renault,talisman,2017,28000,1550000000,سفید صدفی,,,سالم و بیu200cخط و خش,11
274,QYrW4Pto,brilliance,h330,1395,100000,307000000,آبی,سالم,سالم و پلمپ,رنگu200cشدگی، در ۱ ناحیه,2
275,QYgpQdN1,hyundai,santafe-ix45,2014,118000,1130000000,نقرهu200cای,سالم,سالم و پلمپ,رنگu200cشدگی در ۲ ناحیه,12
276,QYrO4BfA,peugeot,206,1389,166000,175000000,سفید,سالم,سالم و پلمپ,سالم و بیu200cخط و خش,6
277,QYrK4dhJ,peugeot,206,1399,16000,289000000,سفید,سالم,سالم و پلمپ,سالم و بیu200cخط و خش,9
278,QYqGCVOg,kia,optima,2017,90000,1560000000,سفید صدفی,سالم,سالم و پلمپ,سالم و بیu200cخط و خش,3
279,QYrS4f8P,pride,131,1397,100000,127500000,سفید,سالم,سالم و پلمپ,خط و خش جزیی,8
280,QYrSYAwN,saina,manual,1400,5330,174800000,سفید,سالم,سالم و پلمپ,سالم و بیu200cخط و خش,8
281,QYr-mMdU,peugeot,206,1390,135000,185000000,سفید,سالم,سالم و پلمپ,رنگu200cشدگی، در چند ناحیه,6
282,QYrG4otW,paykan,pickup,1390,200000,112000000,سفید,سالم,سالم و پلمپ,خط و خش جزیی,12
283,QYrGovSJ,ario,automatic-1600cc,1395,102000,290000000,سفید,سالم,سالم و پلمپ,رنگu200cشدگی، در ۱ ناحیه,12
284,QYrOo65U,dena,plus,1398,40000,344000000,خاکستری,سالم,,سالم و بیu200cخط و خش,10
285,QYqaC9ZX,pride,131,1394,150,96000000,سفید,سالم,,رنگu200cشدگی، در ۱ ناحیه,11
286,QYay2C7f,mitsubishi,asx,2015,130000,1050000000,مشکی,سالم,سالم و پلمپ,سالم و بیu200cخط و خش,2
287,QYrCY5cs,peugeot,206,1397,49000,212000000,مشکی,سالم,سالم و پلمپ,خط و خش جزیی,10
288,QYrC42HH,pride,sedan,1386,300000,53500000,مشکی,سالم,سالم و پلمپ,سالم و بیu200cخط و خش,12
289,QYr6SZHi,peugeot,206,1396,117000,220000000,سفید,سالم,سالم و پلمپ,سالم و بیu200cخط و خش,6
290,QYr-3Yo7,pride,station,1381,230000,43000000,سبز,سالم,سالم و پلمپ,خط و خش جزیی,7
291,QYrCIOzW,kia,sorento,2016,22000,2080000000,سفید صدفی,سالم,سالم و پلمپ,سالم و بیu200cخط و خش,7
292,QYrG4g7j,peugeot,pars,1395,90000,184500000,سفید,سالم,,سالم و بیu200cخط و خش,6
293,QYo6bhV8,peugeot,206,1390,150000,175000000,سفید,سالم,سالم و پلمپ,خط و خش جزیی,7
294,QYr-nO-R,peugeot,pars,1398,21000,251000000,سفید,سالم,سالم و پلمپ,سالم و بیu200cخط و خش,9
295,QYr-3POh,haima,s7,1397,22000,723000000,سفید,سالم,سالم و پلمپ,سالم و بیu200cخط و خش,3
296,QYrGIWmi,samand,lx,1396,118000,179000000,سفید,سالم,سالم و پلمپ,سالم و بیu200cخط و خش,6
297,QYXyJdY7,peugeot,pars,1398,23,273000000,سفید,سالم,سالم و پلمپ,سالم و بیu200cخط و خش,7
298,QYr6ncw6,renault,megan,2009,171000,290000000,نقرهu200cای,سالم,سالم و پلمپ,سالم و بیu200cخط و خش,2
299,QYom2spr,mvm,315-hatchback,1395,68000,208000000,آبی,سالم,سالم و پلمپ,خط و خش جزیی,6
300,QYr6nc2n,peugeot,207i,1399,29000,325000000,سفید,سالم,سالم و پلمپ,سالم و بیu200cخط و خش,12
301,QYi-zjtM,peugeot,pars,1395,82,228000000,خاکستری,سالم,سالم و پلمپ,سالم و بیu200cخط و خش,7
302,QYreF9Zj,peugeot,pars,1397,46000,265000000,سفید,سالم,سالم و پلمپ,سالم و بیu200cخط و خش,9
303,QYr-Xf38,peugeot,pars,1400,0,335000000,دلفینی,سالم,سالم و پلمپ,سالم و بیu200cخط و خش,8
304,QYr-HHzJ,nissan,roniz,1386,200000,550000000,بژ,سالم,,,10
305,QYr2Hfsm,saina,manual,1400,500,215000000,سفید,سالم,سالم و پلمپ,سالم و بیu200cخط و خش,8
306,QYrunG-l,peugeot,pars,1399,10000,272000000,سفید,سالم,سالم و پلمپ,سالم و بیu200cخط و خش,12
307,QYrq3-10,mazda,323,1386,236000,158000000,نقرهu200cای,سالم,,تمامu200cرنگ,9
308,QYry38u-,capra,double-cabin,1390,128000,360000000,سفید,سالم,سالم و پلمپ,سالم و بیu200cخط و خش,8
309,QYrqXau0,samand,x7,1386,150000,115000000,خاکستری,سالم,,خط و خش جزیی,9
310,QYpKf5XT,peugeot,pars,1398,25000,272000000,سفید,سالم,سالم و پلمپ,سالم و بیu200cخط و خش,6
311,QYrm3KUl,pride,111,1389,231000,83500000,نوکu200cمدادی,سالم,سالم و پلمپ,خط و خش جزیی,8
312,QYrine0m,pride,111,1398,1800,160000000,سفید,سالم,سالم و پلمپ,سالم و بیu200cخط و خش,9
313,QYrqntcu,peugeot,pars,1386,190000,110000000,خاکستری,سالم,سالم و پلمپ,سالم و بیu200cخط و خش,11
314,QYrqnmnz,paykan,petrol,1382,300000,26000000,سفید,سالم,سالم و پلمپ,تمامu200cرنگ,11
315,QYranH0a,peugeot,207i,1398,36000,385000000,سفید,سالم,سالم و پلمپ,سالم و بیu200cخط و خش,11
316,QYrenQya,pazhan,2-door,1371,0,125000000,سفید,سالم,سالم و پلمپ,سالم و بیu200cخط و خش,12
317,QYpeObpW,kia,optima,2015,91000,1190000000,مشکی,سالم,سالم و پلمپ,سالم و بیu200cخط و خش,8
318,QYcKP9Js,peugeot,405,1379,110000,72000000,زیتونی,سالم,سالم و پلمپ,دوررنگ,6
319,QYre3aeq,tiba,hatchback,1398,67000,153000000,سفید,سالم,سالم و پلمپ,رنگu200cشدگی در ۱ ناحیه,10
320,QYpiYdsU,mazda,3-ir,1387,160000,335000000,سفید,سالم,سالم و پلمپ,تمامu200cرنگ,12
321,QYdWer_j,paykan,pickup,1391,200,80000000,سفید,سالم,ضربهu200cخورده,رنگu200cشدگی در ۱ ناحیه,6
322,QYrS32iU,peugeot,206,1399,12200,235000000,سفید,,,,12
323,QYkisgVc,toyota,prado-2door,2008,150000,1350000000,سفید صدفی,سالم,سالم و پلمپ,سالم و بیu200cخط و خش,11
324,QYrSn0mX,pride,141,1384,51000,50000000,بژ,سالم,سالم و پلمپ,سالم و بیu200cخط و خش,6
325,QYra3fm0,pride,sedan,1384,280000,50000000,طوسی,سالم,,تمامu200cرنگ,4
326,QYrWH8L2,samand,lx,1396,81000,208000000,سفید,,,سالم و بیu200cخط و خش,4
327,QYrWXmT3,peugeot,206-sd,1396,56000,242000000,سفید,سالم,سالم و پلمپ,سالم و بیu200cخط و خش,8
328,QYrSX0HW,pride,111,1391,180000,95000000,سفید,سالم,سالم و پلمپ,رنگu200cشدگی، در ۲ ناحیه,8
329,QYrOHQXR,pride,132,1390,220,73000000,نوکu200cمدادی,سالم,سالم و پلمپ,خط و خش جزیی,9
330,QYrOHYOr,mvm,315-sedan,1394,181000,188000000,سفید,سالم,سالم و پلمپ,سالم و بیu200cخط و خش,5
331,QYrW3BhL,peugeot,206,1389,190000,130000000,خاکستری,سالم,سالم و پلمپ,دوررنگ,4
332,QYrGn6SV,peugeot,pars,1392,125000,161000000,سفید,سالم,سالم و پلمپ,رنگu200cشدگی، در ۲ ناحیه,5
333,QYhuzKdP,mvm,x22,1400,0,290000000,مشکی,سالم,سالم و پلمپ,سالم و بیu200cخط و خش,12
334,AY4G_H6Z,mvm,x33s,1399,0,189000000,سفید,سالم,سالم و پلمپ,سالم و بیu200cخط و خش,12
335,QYrCn9ct,jac,s5,1397,40000,639000000,نقرهu200cای,سالم,سالم و پلمپ,سالم و بیu200cخط و خش,6
336,QYkGcmhv,volvo,xc90,2016,50000,3950000000,خاکستری,سالم,سالم و پلمپ,سالم و بیu200cخط و خش,9
337,QYrGXtRw,pride,111,1396,80000,128000000,سفید,سالم,سالم و پلمپ,رنگu200cشدگی، در ۱ ناحیه,5
338,QYrOnw6D,peugeot,405,1398,60000,225000000,نقرهu200cای,سالم,سالم و پلمپ,سالم و بیu200cخط و خش,4
339,QYmuh-J0,mvm,x33,1400,0,252000000,سفید,سالم,سالم و پلمپ,سالم و بیu200cخط و خش,12
340,QYhG1fso,mvm,x22,1400,0,290000000,قرمز,سالم,سالم و پلمپ,سالم و بیu200cخط و خش,12
341,QYru2wnT,pride,sedan,1385,295000,52000000,سفید,سالم,,تمامu200cرنگ,4
342,QYoeKWXr,fidelity,prime,1400,0,1025000000,سفید,سالم,سالم و پلمپ,سالم و بیu200cخط و خش,11
343,QYqOTL-I,hyundai,tucson-ix35,2014,91000,980000000,سفید,سالم,سالم و پلمپ,سالم و بیu200cخط و خش,3
344,QYrKXwlv,dena,plus,1397,81000,319000000,سفید,سالم,سالم و پلمپ,رنگu200cشدگی، در ۲ ناحیه,3
345,QYr-GDrg,hyundai,sonata-yf,2014,80000,1100000000,سفید,سالم,سالم و پلمپ,سالم و بیu200cخط و خش,9
346,QYrK3QNj,shahin,g,1400,1500,330000000,سفید,سالم,سالم و پلمپ,سالم و بیu200cخط و خش,8
347,QYrKXedM,mvm,110,1395,69000,115000000,سفید,سالم,سالم و پلمپ,سالم و بیu200cخط و خش,8
348,QYpKLlpK,pride,111,1398,23000,148000000,سفید,سالم,سالم و پلمپ,سالم و بیu200cخط و خش,9
349,QYr-2XOx,peugeot,pars,1393,90000,175000000,سفید,سالم,سالم و پلمپ,سالم و بیu200cخط و خش,7
350,QYr-mPCF,citroen,c3,1397,22000,840000000,سفید,سالم,سالم و پلمپ,سالم و بیu200cخط و خش,3
351,QYjyStKA,hyundai,i20-ir,1396,43000,700000000,مشکی,,,,11
352,QYrCXq_g,mercedes-benz,c-class,2003,300000,50000000,سفید,سالم,سالم و پلمپ,سالم و بیu200cخط و خش,1
353,QYo637da,pride,sedan,1388,300000,70000000,نوکu200cمدادی,سالم,سالم و پلمپ,رنگu200cشدگی در ۴ ناحیه,6
354,QYr62_Nr,kia,cerato,2009,103300,410000000,مشکی,سالم,سالم و پلمپ,رنگu200cشدگی، در ۲ ناحیه,5
355,QYr6Gi2n,mazda,pickup,1396,343720,205000000,سفید,سالم,سالم و پلمپ,خط و خش جزیی,11
356,QYrCHglT,tiba,sedan,1395,105000,124000000,سفید,سالم,سالم و پلمپ,سالم و بیu200cخط و خش,8
357,QYr-G8An,mvm,110s,1396,75000,123000000,مشکی,سالم,سالم و پلمپ,سالم و بیu200cخط و خش,7
358,QYrCHOdN,renault,tondar-90,1389,190000,185000000,سفید,سالم,سالم و پلمپ,سالم و بیu200cخط و خش,10
359,QYr2Gha6,mazda,3n-sedan-ir,1396,65000,860000000,سفید,سالم,سالم و پلمپ,سالم و بیu200cخط و خش,6
360,QYnG1XnF,renault,sandero,1395,33000,405000000,سفید,سالم,سالم و پلمپ,سالم و بیu200cخط و خش,3
361,QYr-2aLm,hyundai,i20,2014,180000,479000000,سفید,سالم,سالم و پلمپ,,6
362,QYrymSIC,dena,plus,1399,26000,405000000,سفید,سالم,سالم و پلمپ,سالم و بیu200cخط و خش,11
363,QYryWPzO,ssangyong,musso,2004,350000,320000000,مشکی,سالم,سالم و پلمپ,سالم و بیu200cخط و خش,6
364,QYr2G73s,chery,arrizo-6,1400,6,349000000,سفید,سالم,سالم و پلمپ,سالم و بیu200cخط و خش,6
365,QYhdWNxW,chery,arrizo-6,1400,0,262000000,مشکی,سالم,سالم و پلمپ,سالم و بیu200cخط و خش,12
366,QYkBAgM4,mvm,x22,1400,0,149000000,قرمز,سالم,سالم و پلمپ,سالم و بیu200cخط و خش,12
367,QYriGdiK,nissan,pickup,1372,300000,168000000,آبی,سالم,سالم و پلمپ,سالم و بیu200cخط و خش,6
368,QYrqmvT9,peugeot,pars,1392,44000,190000000,سفید,سالم,سالم و پلمپ,سالم و بیu200cخط و خش,3
369,QYh-styT,mvm,x22,1400,1,290000000,مشکی,,,سالم و بیu200cخط و خش,12
370,QYkOKOAg,mvm,x33s,1400,0,252000000,خاکستری,,,سالم و بیu200cخط و خش,12
371,QYj-Ck4Z,mvm,x22,1400,0,172000000,سفید,,,سالم و بیu200cخط و خش,12
372,QYjOWb7h,chery,tiggo-7,1400,0,396000000,مشکی,,,سالم و بیu200cخط و خش,12
373,QYjWmg80,chery,arrizo-6,1400,0,349000000,سفید,,,سالم و بیu200cخط و خش,12
374,QYruGI5J,mazda,pickup,1382,4000,120000000,طوسی,سالم,سالم و پلمپ,رنگu200cشدگی، در چند ناحیه,12
375,QYrqm-Rg,runna,lx,1393,112700,170000000,سفید,سالم,سالم و پلمپ,خط و خش جزیی,8
376,QYryEUae,mazda,pickup,1388,210000,182000000,نقرآبی,سالم,سالم و پلمپ,خط و خش جزیی,8
377,QYiq08ua,mvm,x22,1400,2,290000000,قرمز,سالم,سالم و پلمپ,,12
378,QYraWbvg,hyundai,tucson-ix35,2014,90000,1200000000,سفید,سالم,سالم و پلمپ,سالم و بیu200cخط و خش,10
379,QYrumpVW,jac,j4,1398,45000,349000000,سفید,سالم,سالم و پلمپ,سالم و بیu200cخط و خش,6
380,QYruWdp3,paykan,petrol,1366,0,53000000,سفید,سالم,,,5
381,QYrm2QL8,pride,sedan,1389,175000,64500000,خاکستری,سالم,سالم و پلمپ,رنگu200cشدگی، در ۱ ناحیه,9
382,QYruWbqu,peugeot,pars,1399,42000,248000000,سفید,سالم,سالم و پلمپ,سالم و بیu200cخط و خش,6
383,QYri2O4Z,mg,550,2010,195000,395000000,سفید,سالم,سالم و پلمپ,سالم و بیu200cخط و خش,6
384,QYriGHd8,pride,111,1392,130000,115000000,سفید,سالم,سالم و پلمپ,خط و خش جزیی,7
385,QYpyf8gk,hyundai,sonata-nf,2007,180000,590000000,سفید صدفی,سالم,سالم و پلمپ,سالم و بیu200cخط و خش,12
386,QYreG7tQ,peugeot,206,1390,170000,120000000,سفید,سالم,سالم و پلمپ,رنگu200cشدگی در ۳ ناحیه,6
387,QYrm27dN,nissan,roniz,1387,178000,635000000,نوکu200cمدادی,سالم,سالم و پلمپ,خط و خش جزیی,11
388,AYnUJG8W,chery,arrizo-6,1400,0,262000000,مشکی,سالم,سالم و پلمپ,سالم و بیu200cخط و خش,12
389,AYnM5SOQ,mvm,x22,1400,0,290000000,آلبالویی,سالم,سالم و پلمپ,سالم و بیu200cخط و خش,12
390,AY0o8LPL,chery,arrizo-6,1400,0,261000000,سفید صدفی,سالم,سالم و پلمپ,سالم و بیu200cخط و خش,12
391,AY1cxTX3,chery,arrizo-5,1400,0,187000000,مشکی,سالم,سالم و پلمپ,سالم و بیu200cخط و خش,12
392,AY8TPFrB,mvm,x22,1400,0,149000000,سفید صدفی,سالم,سالم و پلمپ,سالم و بیu200cخط و خش,12
393,QYd9VNQ5,mvm,x22,1400,0,149000000,قرمز,سالم,سالم و پلمپ,سالم و بیu200cخط و خش,12
394,QYhhGiIN,chery,arrizo-6,1400,0,262000000,قرمز,سالم,سالم و پلمپ,سالم و بیu200cخط و خش,12
395,QYhp2syM,mvm,x22,1400,0,149000000,قرمز,سالم,سالم و پلمپ,سالم و بیu200cخط و خش,12
396,QYhBIJBF,chery,arrizo-6,1400,0,349000000,قرمز,سالم,سالم و پلمپ,سالم و بیu200cخط و خش,12
397,QYhVJdlL,mvm,x22,1400,0,149000000,قرمز,سالم,سالم و پلمپ,سالم و بیu200cخط و خش,12
398,QYrSWgrX,runna,lx,1394,91500,165000000,سفید,سالم,سالم و پلمپ,خط و خش جزیی,4
399,QYri20yt,dignity,,1400,5600,1350000000,مشکی,سالم,سالم و پلمپ,سالم و بیu200cخط و خش,6
400,QYra2nEQ,pride,132,1393,119000,98000000,سفید,سالم,,رنگu200cشدگی، در ۲ ناحیه,9
401,QYramdxY,peugeot,pars,1398,48000,285000000,سفید,سالم,سالم و پلمپ,خط و خش جزیی,8
402,QYriGEm0,opel,astra,1994,259000,77000000,گیلاسی,سالم,سالم و پلمپ,دوررنگ,12
403,QYrWmY-k,ssangyong,tivoli-ir,1399,0,1030000000,مشکی,سالم,سالم و پلمپ,سالم و بیu200cخط و خش,2
404,QYre2zZQ,nissan,maxima-im,2004,190000,450000000,سرمهu200cای,سالم,سالم و پلمپ,سالم و بیu200cخط و خش,5
405,QYrWWYWq,kia,cerato,2010,130000,560000000,خاکستری,سالم,سالم و پلمپ,سالم و بیu200cخط و خش,12
406,QYrSWzZh,samand,lx,1395,103000,175000000,سفید,سالم,سالم و پلمپ,سالم و بیu200cخط و خش,6
407,QYraGWxf,saina,manual,1400,3200,185000000,سفید,سالم,,سالم و بیu200cخط و خش,9
408,QYreWBZB,chery,arrizo-6,1399,9000,764000000,مشکی,سالم,سالم و پلمپ,صافکاری بیu200cرنگ,6
409,QYraWyPA,saina,manual,1399,6100,167500000,سفید,سالم,سالم و پلمپ,سالم و بیu200cخط و خش,9
410,QYAFKVpP,mvm,x33,1399,0,189000000,سفید صدفی,سالم,سالم و پلمپ,سالم و بیu200cخط و خش,12
411,QYBV4TZr,mvm,x33s,1400,0,189000000,سفید,سالم,سالم و پلمپ,سالم و بیu200cخط و خش,12
412,QYBBJ4r1,mvm,x33s,1400,0,189000000,سفید صدفی,سالم,سالم و پلمپ,سالم و بیu200cخط و خش,12
413,QYo-L4El,quick,automatic,1400,0,271000000,سفید,سالم,سالم و پلمپ,سالم و بیu200cخط و خش,11
414,QYhafLJK,mvm,x22,1400,0,580000000,سفید,سالم,سالم و پلمپ,سالم و بیu200cخط و خش,12
415,QYpy_8IL,mvm,x22,1400,0,290000000,سفید صدفی,سالم,سالم و پلمپ,سالم و بیu200cخط و خش,12
416,QYKKVley,mvm,x22,1400,0,204000000,سفید,سالم,سالم و پلمپ,سالم و بیu200cخط و خش,12
417,QYrSGWdu,peugeot,405,1385,250000,88500000,نقرهu200cای,سالم,,دوررنگ,1
418,QYrS2jRO,paykan,pickup,1393,90000,125000000,سفید,سالم,,سالم و بیu200cخط و خش,6
419,QYQWwGrR,renault,talisman,2017,67000,1550000000,خاکستری,سالم,سالم و پلمپ,سالم و بیu200cخط و خش,11
420,QYrKGzH-,pride,111,1389,200000,83000000,خاکستری,سالم,سالم و پلمپ,رنگu200cشدگی، در ۲ ناحیه,3
421,QYl6d-Xn,nissan,patrol-4-door,1375,111111,135000000,نقرهu200cای,سالم,سالم و پلمپ,دوررنگ,6
422,QYrSWSdD,peugeot,roa,1385,170000,50000000,نوکu200cمدادی,سالم,,دوررنگ,6
423,QYk2uEiM,samand,lx,1396,53000,191000000,سفید,سالم,سالم و پلمپ,سالم و بیu200cخط و خش,8
424,QYGSVrhr,peugeot,206-sd,1388,200000,155000000,خاکستری,سالم,سالم و پلمپ,دوررنگ,2
425,QYrGGlzG,pride,131,1390,100000,88000000,خاکستری,سالم,سالم و پلمپ,رنگu200cشدگی، در ۱ ناحیه,3
426,QYrOmZeK,peugeot,206,1398,7200,233000000,سفید,سالم,سالم و پلمپ,سالم و بیu200cخط و خش,3
427,QYrCG_Ve,peugeot,405,1393,155000,147000000,خاکستری,سالم,سالم و پلمپ,سالم و بیu200cخط و خش,4
428,QYrqlhVL,ssangyong,tivoli-ir,1399,2000,1020000000,مشکی,سالم,سالم و پلمپ,سالم و بیu200cخط و خش,2
429,QYrOmDUJ,hyundai,accent-ir,1397,21000,730000000,سفید,سالم,سالم و پلمپ,سالم و بیu200cخط و خش,4
430,QYr-Fhna,peugeot,2008,1397,66000,810000000,سفید,,,سالم و بیu200cخط و خش,4
431,QYrKG7PU,samand,lx,1400,0,150000000,سفید صدفی,سالم,سالم و پلمپ,سالم و بیu200cخط و خش,12
432,QYrazjmp,arisan,arisan,1395,60000,133000000,سفید,سالم,سالم و پلمپ,رنگu200cشدگی، در ۱ ناحیه,12
433,QYrCWEA8,peugeot,405,1388,138000,89000000,سبز,سالم,سالم و پلمپ,خط و خش جزیی,12
434,QYSq1hYt,peugeot,206,1394,130000,180000000,سفید,سالم,سالم و پلمپ,سالم و بیu200cخط و خش,3
435,QYr-lnBc,nissan,pickup,1388,185000,195000000,آبی,سالم,سالم و پلمپ,سالم و بیu200cخط و خش,6
436,QYr-l6Mz,peugeot,405,1386,320000,90000000,نقرهu200cای,سالم,سالم و پلمپ,رنگu200cشدگی در ۱ ناحیه,10
437,QYr-1xhz,peugeot,2008,1397,18000,710000000,سفید,سالم,سالم و پلمپ,سالم و بیu200cخط و خش,6
438,QYr6VuoM,peugeot,405,1389,175000,135000000,نقرهu200cای,سالم,سالم و پلمپ,سالم و بیu200cخط و خش,6
439,AYp-vbkd,peugeot,207i,1398,20000,200000000,مشکی,سالم,سالم و پلمپ,سالم و بیu200cخط و خش,5
440,QYr-1trT,kia,cerato,2016,45000,925000000,سفید,سالم,سالم و پلمپ,سالم و بیu200cخط و خش,9
441,QYr6FlBX,mvm,530,1394,82500,195000000,مشکی,سالم,سالم و پلمپ,خط و خش جزیی,3
442,QYo-7hN8,mvm,x22,1397,35000,390000000,نوکu200cمدادی,سالم,سالم و پلمپ,سالم و بیu200cخط و خش,1
443,QYhpkqir,peugeot,207i,1400,0,355000000,سفید,سالم,سالم و پلمپ,سالم و بیu200cخط و خش,12
444,QYrCGgD4,peugeot,206,1390,172000,188000000,سفید,سالم,سالم و پلمپ,سالم و بیu200cخط و خش,3
445,QYrC2gYk,peugeot,206,1398,21000,222000000,سفید,سالم,سالم و پلمپ,رنگu200cشدگی، در ۲ ناحیه,6
446,QYr-leZo,runna,lx,1394,132000,104000000,سفید,سالم,,تصادفی,6
447,AYjMZHXJ,chery,arrizo-5,1400,0,188000000,سفید,,,سالم و بیu200cخط و خش,12
448,AYkA8H4k,chery,arrizo-5,1400,0,188000000,مشکی,,,سالم و بیu200cخط و خش,12
449,AYdUUvfq,mvm,x33,1400,0,169000000,نوکu200cمدادی,,,سالم و بیu200cخط و خش,12
450,AYdMktrz,mvm,x33,1400,0,169000000,نوکu200cمدادی,,,سالم و بیu200cخط و خش,12
451,wX5vMaWO,mvm,x22,1400,1,164000000,سفید,,,سالم و بیu200cخط و خش,12
452,wX5_b_oj,chery,arrizo-6,1400,1,262000000,سفید,,,سالم و بیu200cخط و خش,12
453,wX5z4iox,mvm,x22,1400,0,149000000,سفید,,,سالم و بیu200cخط و خش,12
454,QYjKqXbY,pride,132,1393,238000,93000000,سفید,سالم,سالم و پلمپ,رنگu200cشدگی در ۴ ناحیه,6
455,QYfeu9ou,zamyad,z-24,1400,1000,288000000,آبی,سالم,سالم و پلمپ,سالم و بیu200cخط و خش,9
456,QYqVYBdG,mvm,x22,1400,0,149000000,آبی,سالم,سالم و پلمپ,سالم و بیu200cخط و خش,12
457,QYmpZzff,chery,arrizo-5te,1399,0,188000000,آبی,سالم,سالم و پلمپ,سالم و بیu200cخط و خش,12
458,QYa2EmTl,mvm,x33s,1400,0,198000000,خاکی,سالم,سالم و پلمپ,سالم و بیu200cخط و خش,12
459,AYnwJXy_,chery,arrizo-6,1400,0,261000000,سفید صدفی,سالم,سالم و پلمپ,سالم و بیu200cخط و خش,12
460,AYoIOrq-,mvm,x22,1400,0,149000000,مشکی,سالم,سالم و پلمپ,سالم و بیu200cخط و خش,12
461,AYpAyjAu,mvm,x22,1400,0,149000000,دلفینی,سالم,سالم و پلمپ,سالم و بیu200cخط و خش,12
462,AY0AbjGp,mvm,x33,1399,0,179000000,سفید,,,سالم و بیu200cخط و خش,12
463,AY08aWfY,chery,arrizo-5te,1400,0,188000000,قرمز,سالم,سالم و پلمپ,سالم و بیu200cخط و خش,12
464,AY0YrUEN,chery,tiggo-7,1399,0,297000000,مشکی,سالم,سالم و پلمپ,سالم و بیu200cخط و خش,12
465,AY0QriFd,mvm,x22,1400,0,129000000,سرمهu200cای,سالم,سالم و پلمپ,سالم و بیu200cخط و خش,12
466,QYbMmNDW,chery,arrizo-5te,1400,0,187000000,سفید صدفی,سالم,سالم و پلمپ,سالم و بیu200cخط و خش,12
467,QYbQmdAy,chery,tiggo-7,1400,0,297000000,سفید صدفی,سالم,سالم و پلمپ,سالم و بیu200cخط و خش,12
468,QY4En0Sr,chery,arrizo-5te,1400,0,188000000,آبی,سالم,سالم و پلمپ,سالم و بیu200cخط و خش,12
469,QY4cHqXR,chery,arrizo-5te,1400,0,188000000,سفید,سالم,سالم و پلمپ,سالم و بیu200cخط و خش,12
470,QY4I5jcL,mvm,x22,1400,0,123000000,مشکی,سالم,سالم و پلمپ,سالم و بیu200cخط و خش,12
471,QY4s65M-,mvm,x33,1400,0,169000000,خاکی,سالم,سالم و پلمپ,سالم و بیu200cخط و خش,12
472,QY9oqkd_,mvm,x22,1400,0,123000000,سفید صدفی,سالم,سالم و پلمپ,سالم و بیu200cخط و خش,12
473,QY9Yb4Fq,mvm,x55,1400,0,252000000,سفید صدفی,سالم,سالم و پلمپ,سالم و بیu200cخط و خش,12
474,QYrulQen,mvm,315-hatchback,1393,150000,145000000,نوکu200cمدادی,سالم,سالم و پلمپ,خط و خش جزیی,6
475,QYruVobx,tiba,hatchback,1400,17000,168000000,سفید,سالم,سالم و پلمپ,سالم و بیu200cخط و خش,5
476,QYnyRJ61,dignity,,1400,0,1380000000,مشکی,سالم,سالم و پلمپ,سالم و بیu200cخط و خش,10
477,QYQKwDrE,mvm,x33,1392,99000,237000000,آبی,سالم,سالم و پلمپ,خط و خش جزیی,12
478,QYryV1rd,peugeot,207i,1398,6500,317000000,سفید,سالم,سالم و پلمپ,سالم و بیu200cخط و خش,10
479,QYry1sx3,peugeot,405,1393,240000,138000000,نقرهu200cای,سالم,سالم و پلمپ,خط و خش جزیی,9
480,QYFCQW_V,hyundai,sonata-yf,2011,119000,830000000,سفید صدفی,سالم,سالم و پلمپ,رنگu200cشدگی، در ۲ ناحیه,9
481,QYrqlgGy,suzuki,grand-vitara-ir,1389,173000,535000000,سفید,سالم,سالم و پلمپ,رنگu200cشدگی در ۱ ناحیه,5
482,QYrylirG,mazda,323,1380,370000,125000000,سرمهu200cای,سالم,سالم و پلمپ,دوررنگ,10
483,QYiiRrkL,hyundai,sonata-lf-hybrid,2017,48000,1470000000,سفید,سالم,سالم و پلمپ,سالم و بیu200cخط و خش,6
484,QYrW1p4L,peugeot,405,1392,130000,135000000,نوکu200cمدادی,سالم,سالم و پلمپ,رنگu200cشدگی، در چند ناحیه,11
485,QYrqVWtU,peugeot,206,1398,27000,225000000,سفید,سالم,سالم و پلمپ,رنگu200cشدگی، در ۲ ناحیه,3
486,QYH-4LIA,toyota,prado-2door,2008,91000,1850000000,مشکی,سالم,سالم و پلمپ,سالم و بیu200cخط و خش,12
487,QYru1qkK,nissan,maxima-ir,1382,230000,383000000,نقرهu200cای,سالم,سالم و پلمپ,خط و خش جزیی,7
488,QYpaLmal,bmw,3-series-convertible,2008,140000,980000000,آبی,سالم,سالم و پلمپ,رنگu200cشدگی، در چند ناحیه,10
489,QYruFnBD,samand,lx,1395,97000,190000000,سفید,سالم,سالم و پلمپ,سالم و بیu200cخط و خش,10
490,QYruFLXP,kia,optima,2013,150,1070000000,سفید صدفی,سالم,سالم و پلمپ,سالم و بیu200cخط و خش,6
491,QYrmVXNc,chery,tiggo-7,1399,24000,920000000,مشکی,سالم,سالم و پلمپ,سالم و بیu200cخط و خش,10
492,QYruFQU2,renault,sandero,1395,74000,395000000,سفید,سالم,سالم و پلمپ,صافکاری بیu200cرنگ,12
493,QYrqlxAq,peugeot,405,1385,290000,86000000,نقرهu200cای,سالم,سالم و پلمپ,رنگu200cشدگی در ۲ ناحیه,6
494,QYrmVEt9,renault,tondar-90,1394,155000,213000000,سفید,سالم,سالم و پلمپ,رنگu200cشدگی، در ۲ ناحیه,12
495,QYrq1cuJ,mercedes-benz,c-class,2012,100,2100000000,خاکستری,سالم,سالم و پلمپ,سالم و بیu200cخط و خش,8
496,QYrqF-li,pride,131,1399,25000,142000000,سفید,سالم,سالم و پلمپ,رنگu200cشدگی، در ۱ ناحیه,9
497,QYrilpf7,geely,emgrand-7,2013,89950,275000000,سفید,سالم,سالم و پلمپ,سالم و بیu200cخط و خش,9
498,QYralrV-,nissan,maxima-ir,1390,130000,820000000,سفید,سالم,سالم و پلمپ,سالم و بیu200cخط و خش,7
499,QYri1KMH,paykan,pickup,1390,140000,110000000,سفید,سالم,سالم و پلمپ,رنگu200cشدگی، در ۲ ناحیه,11
500,QYoGOxHy,pride,pickup,1400,4000,175000000,سفید,سالم,سالم و پلمپ,سالم و بیu200cخط و خش,6
501,QYkO3Ft0,mvm,x22,1400,0,290000000,قرمز,سالم,سالم و پلمپ,سالم و بیu200cخط و خش,12
502,QYrmFxMb,hyundai,elantra,2013,96000,810000000,سفید,سالم,سالم و پلمپ,سالم و بیu200cخط و خش,11
503,QYra13JO,pride,131,1398,75000,137200000,سفید,سالم,سالم و پلمپ,سالم و بیu200cخط و خش,5
504,QYRyhJXd,jac,s3,1398,19000,520000000,سفید,سالم,سالم و پلمپ,سالم و بیu200cخط و خش,4
505,QYreFMzh,pride,131,1394,202000,104000000,سفید,سالم,سالم و پلمپ,خط و خش جزیی,9
506,QYZevHCs,peugeot,207i,1399,20000,400000000,سفید,سالم,سالم و پلمپ,رنگu200cشدگی، در ۱ ناحیه,8
507,QYUqJqtP,mvm,x33,1400,1,252000000,خاکستری,سالم,سالم و پلمپ,سالم و بیu200cخط و خش,12
508,QYLS2KAv,chery,arrizo-6,1400,0,349000000,سفید,سالم,سالم و پلمپ,سالم و بیu200cخط و خش,12
509,QYq-P7On,peugeot,206-sd,1391,148000,159000000,دلفینی,سالم,سالم و پلمپ,,11
510,QYrmVMi0,mvm,x22,1400,6,172000000,خاکستری,سالم,سالم و پلمپ,سالم و بیu200cخط و خش,6
511,QYraFfxq,pride,131,1395,88000,115500000,سفید,سالم,سالم و پلمپ,سالم و بیu200cخط و خش,6
512,QYr-0WZe,pride,131,1390,230000,85600000,نقرآبی,سالم,سالم و پلمپ,صافکاری بیu200cرنگ، در ۱ ناحیه,8
513,QYraFBo2,tiba,hatchback,1397,24000,153000000,سفید,سالم,سالم و پلمپ,سالم و بیu200cخط و خش,4
514,QYnK2ux2,renault,tondar-90,1393,65000,273000000,سفید,سالم,,سالم و بیu200cخط و خش,4
515,QYaSgiYo,kia,optima,2015,45000,1250000000,سفید صدفی,سالم,سالم و پلمپ,سالم و بیu200cخط و خش,6
516,QYreVz17,peugeot,206,1396,82000,210000000,سفید,سالم,سالم و پلمپ,سالم و بیu200cخط و خش,10
517,QYrilNoH,pride,pickup,1399,14000,161000000,سفید,سالم,سالم و پلمپ,سالم و بیu200cخط و خش,7
518,QYoqFYui,peugeot,207i,1399,15000,335000000,مشکی,سالم,سالم و پلمپ,سالم و بیu200cخط و خش,9
519,QYj6HBzZ,kia,sportage,2010,200000,670000000,سفید,سالم,سالم و پلمپ,رنگu200cشدگی، در ۱ ناحیه,6
520,QYrelKyH,peugeot,206,1396,54000,210000000,مشکی,سالم,سالم و پلمپ,رنگu200cشدگی، در ۱ ناحیه,2
521,QYraV89-,hyundai,santafe-ix45,2014,100000,1160000000,مشکی,سالم,سالم و پلمپ,سالم و بیu200cخط و خش,5
522,QYeyi_fb,peugeot,206-sd,1396,80000,232000000,سفید,سالم,سالم و پلمپ,سالم و بیu200cخط و خش,4
523,QYrS1kZ9,peugeot,206,1386,220000,117000000,نوکu200cمدادی,سالم,سالم و پلمپ,رنگu200cشدگی، در ۲ ناحیه,1
524,QYTGZ3kP,peugeot,206,1398,30000,265000000,دلفینی,سالم,سالم و پلمپ,سالم و بیu200cخط و خش,7
525,QYrOFgFB,citroen,xantia,1384,175000,125000000,مشکی,سالم,سالم و پلمپ,رنگu200cشدگی، در ۱ ناحیه,12
526,QYrGVT-E,jac,s5,1395,100000,585000000,مشکی,سالم,سالم و پلمپ,سالم و بیu200cخط و خش,9
527,QY5xAFUg,mvm,x22,1400,0,172000000,سفید,سالم,سالم و پلمپ,سالم و بیu200cخط و خش,12
528,QY5pA4vb,mvm,x22,1400,0,204000000,سفید,سالم,سالم و پلمپ,سالم و بیu200cخط و خش,12
529,QY41fH9V,chery,arrizo-6,1400,0,262000000,سفید,سالم,سالم و پلمپ,سالم و بیu200cخط و خش,12
530,QY4t_5FH,chery,arrizo-5te,1400,0,272000000,مشکی,سالم,سالم و پلمپ,سالم و بیu200cخط و خش,12
531,QY4V_hjj,mvm,x33s,1400,0,252000000,سفید,سالم,سالم و پلمپ,سالم و بیu200cخط و خش,12
532,QYrJsjMl,mvm,x55,1400,0,252000000,مشکی,سالم,سالم و پلمپ,سالم و بیu200cخط و خش,12
533,QYq95bli,chery,tiggo-7,1400,0,297000000,ذغالی,سالم,سالم و پلمپ,سالم و بیu200cخط و خش,12
534,QYrKlqIu,peugeot,207i,1399,33000,327000000,مشکی,سالم,سالم و پلمپ,سالم و بیu200cخط و خش,10
535,AYfwtDx1,mvm,x33s,1400,0,169000000,نوکu200cمدادی,سالم,سالم و پلمپ,سالم و بیu200cخط و خش,12
536,AYiwJINK,mvm,x22,1400,0,149000000,سفید,سالم,سالم و پلمپ,سالم و بیu200cخط و خش,12
537,AYioZRF5,mvm,x33s,1400,0,169000000,سفید,سالم,سالم و پلمپ,سالم و بیu200cخط و خش,12
538,AYioIWXh,chery,arrizo-6,1400,0,262000000,مشکی,سالم,سالم و پلمپ,سالم و بیu200cخط و خش,12
539,AYikY3uA,chery,arrizo-6,1400,0,262000000,مشکی,سالم,سالم و پلمپ,سالم و بیu200cخط و خش,12
540,AYJsDYM3,mvm,x22,1400,0,129000000,سفید,,,سالم و بیu200cخط و خش,12
541,AYO0VY3a,mvm,x22,1400,0,149000000,سفید,سالم,سالم و پلمپ,سالم و بیu200cخط و خش,12
542,AYJgzj5r,mvm,x33s,1400,0,179000000,سفید,سالم,سالم و پلمپ,سالم و بیu200cخط و خش,12
543,AYC0otew,chery,arrizo-6,1400,0,262000000,سفید,سالم,سالم و پلمپ,سالم و بیu200cخط و خش,12
544,AYCs4SpL,chery,arrizo-6,1400,0,262000000,سفید,سالم,سالم و پلمپ,سالم و بیu200cخط و خش,12
545,wX6jtMAM,mvm,x22,1400,0,129000000,سفید,سالم,سالم و پلمپ,سالم و بیu200cخط و خش,12
546,wX5zHlca,mvm,x22,1400,0,149000000,سفید,سالم,سالم و پلمپ,سالم و بیu200cخط و خش,12
547,QYrGF8lY,peugeot,206,1394,101000,189000000,سفید,سالم,سالم و پلمپ,رنگu200cشدگی در ۲ ناحیه,2
548,QYrS1Uwa,peugeot,pars,1386,145000,130000000,سفید,سالم,سالم و پلمپ,رنگu200cشدگی در ۱ ناحیه,6
549,QYrSlLYy,samand,soren-plus,1400,0,305000000,سفید,سالم,سالم و پلمپ,سالم و بیu200cخط و خش,12
550,QYrKltny,pride,111,1397,39000,145000000,سفید,سالم,سالم و پلمپ,سالم و بیu200cخط و خش,10
551,QYrSFJRN,renault,koleos,2017,39000,1820000000,سفید,سالم,سالم و پلمپ,سالم و بیu200cخط و خش,6
552,QYrGlzma,nissan,pickup,1384,500000,100000000,آبی,سالم,سالم و پلمپ,تمامu200cرنگ,5
553,QYr209Z3,peugeot,405,1389,186000,110000000,نقرهu200cای,سالم,سالم و پلمپ,خط و خش جزیی,6
554,QYaaAOB5,dena,basic,1397,84000,280000000,مشکی,سالم,سالم و پلمپ,سالم و بیu200cخط و خش,3
555,QYrOV6Y0,dena,plus,1399,0,372000000,سفید,سالم,سالم و پلمپ,سالم و بیu200cخط و خش,12
556,QYrGVq9h,dongfeng,h30-cross,1397,53000,340000000,سفید,سالم,سالم و پلمپ,سالم و بیu200cخط و خش,1
557,QYT-TATG,haima,s7,1399,1200,740000000,خاکستری,سالم,سالم و پلمپ,سالم و بیu200cخط و خش,8
558,QYrCVcgc,peugeot,206-sd,1393,125000,192500000,سفید,سالم,سالم و پلمپ,خط و خش جزیی,12
559,QYrOlGXJ,mvm,x22,1400,1,430000000,سفید,سالم,سالم و پلمپ,سالم و بیu200cخط و خش,12
560,QYrC1hJ1,peugeot,405,1389,150000,125000000,نوکu200cمدادی,سالم,سالم و پلمپ,خط و خش جزیی,4
561,QYrKVFy_,dena,plus,1399,2600,366000000,خاکستری,سالم,سالم و پلمپ,سالم و بیu200cخط و خش,2
562,QY28vCgG,tiba,hatchback,1400,0,172000000,سفید,سالم,سالم و پلمپ,سالم و بیu200cخط و خش,12
563,QYhe_PLs,peugeot,206,1386,200000,112000000,خاکستری,سالم,سالم و پلمپ,رنگu200cشدگی، در چند ناحیه,6
564,QYr6EnsK,pride,131,1397,100000,118000000,سفید,سالم,سالم و پلمپ,رنگu200cشدگی، در ۲ ناحیه,12
565,QYr6E7iT,peugeot,405,1380,183124,47000000,مشکی,سالم,سالم و پلمپ,رنگu200cشدگی، در چند ناحیه,5
566,QYrGVNKw,peugeot,405,1395,57000,140000000,خاکستری,سالم,,رنگu200cشدگی در ۴ ناحیه,6
567,QYr6k7qz,pride,131,1398,35000,139000000,سفید,سالم,سالم و پلمپ,سالم و بیu200cخط و خش,6
568,QYr2E0P-,pride,131,1396,110000,115000000,سفید,سالم,سالم و پلمپ,خط و خش جزیی,12
569,QYFa4mut,peugeot,405,1389,156000,136000000,دلفینی,سالم,سالم و پلمپ,سالم و بیu200cخط و خش,3
570,QYr60JBY,peugeot,206,1397,79000,195000000,سفید,سالم,سالم و پلمپ,سالم و بیu200cخط و خش,7
571,QYh1UOcc,peugeot,207i,1400,0,359000000,سفید,سالم,سالم و پلمپ,سالم و بیu200cخط و خش,12
572,QYr2UZMr,peugeot,pars,1398,45000,282500000,سفید صدفی,سالم,سالم و پلمپ,سالم و بیu200cخط و خش,6
573,QYruUh9y,proton,gen-2,2007,200000,158000000,سرمهu200cای,سالم,سالم و پلمپ,رنگu200cشدگی در ۱ ناحیه,4
574,QYr-EhTi,paykan,pickup,1391,95000,83500000,سفید صدفی,سالم,,دوررنگ,5
575,QYMadjcA,peugeot,pars,1398,39000,228000000,سفید,سالم,سالم و پلمپ,سالم و بیu200cخط و خش,7
576,QYr60zvb,renault,sandero-stepway,1396,65000,425000000,سفید,سالم,سالم و پلمپ,سالم و بیu200cخط و خش,3
577,QYry0kUj,peugeot,206,1396,77000,186000000,سفید,سالم,,خط و خش جزیی,2
578,QYrykaTz,peugeot,207i,1397,58000,355000000,سفید,سالم,سالم و پلمپ,رنگu200cشدگی، در ۱ ناحیه,10
579,QYryksxz,kia,opirus,2008,191000,790000000,نقرهu200cای,سالم,سالم و پلمپ,سالم و بیu200cخط و خش,5
580,QYryEpqH,peugeot,pars,1399,60000,253000000,سفید,سالم,سالم و پلمپ,سالم و بیu200cخط و خش,11
581,QYry0VjE,peugeot,206,1394,120000,215000000,سفید,سالم,سالم و پلمپ,سالم و بیu200cخط و خش,1
582,QYr2Usn8,peugeot,206,1400,1300,259000000,سفید,سالم,سالم و پلمپ,سالم و بیu200cخط و خش,10
583,QYr20mAg,suzuki,grand-vitara-ir,1395,51000,940000000,سفید,سالم,سالم و پلمپ,سالم و بیu200cخط و خش,11
584,QYfS6cpV,mercedes-benz,s-class,2009,65000,3400000000,مشکی,سالم,سالم و پلمپ,سالم و بیu200cخط و خش,4
585,QYr20f2V,peugeot,roa,1385,480000,28500000,خاکستری,سالم,سالم و پلمپ,دوررنگ,3
586,QYruUnb1,pride,sedan,1382,350000,38000000,مشکی,سالم,سالم و پلمپ,دوررنگ,4
587,QYrykZPi,peugeot,pars,1400,0,185000000,مشکی,سالم,سالم و پلمپ,سالم و بیu200cخط و خش,12
588,QYrmUuGi,peugeot,206-sd,1391,120000,170000000,خاکستری,سالم,سالم و پلمپ,رنگu200cشدگی، در ۲ ناحیه,8
589,QYruE_6R,chery,tiggo-5,1395,171000,485000000,مشکی,سالم,سالم و پلمپ,سالم و بیu200cخط و خش,2
590,QYruk6AU,peugeot,206-sd,1396,90000,207000000,سفید,سالم,سالم و پلمپ,رنگu200cشدگی در ۳ ناحیه,6
591,QYru0pAy,jac,s5,1400,3000,810000000,مشکی,سالم,سالم و پلمپ,سالم و بیu200cخط و خش,11
592,QYqqR3rM,pride,131,1395,142,100000000,خاکستری,سالم,سالم و پلمپ,سالم و بیu200cخط و خش,6
593,QYlyO3OD,samand,lx,1399,24000,208000000,خاکستری,سالم,,صافکاری بیu200cرنگ,6
594,QYJmpP1h,kia,cerato-coupe,2016,63000,1050000000,سفید صدفی,سالم,سالم و پلمپ,سالم و بیu200cخط و خش,8
595,QYrmkNWY,dena,basic,1396,20000,285000000,سفید,سالم,سالم و پلمپ,سالم و بیu200cخط و خش,8
596,QYUm6ua6,zamyad,padra-plus,1400,0,305000000,سفید,سالم,سالم و پلمپ,سالم و بیu200cخط و خش,12
597,QYru0NVu,citroen,xantia,1387,126000,270000000,سفید,سالم,سالم و پلمپ,سالم و بیu200cخط و خش,11
598,QYraEzL2,peugeot,206,1390,200000,128000000,سفید,سالم,سالم و پلمپ,دوررنگ,9
599,QYriEGc3,toyota,camry,2007,300000,670000000,سفید,سالم,,سالم و بیu200cخط و خش,2
600,QYs22dm2,kia,optima,2010,200000,495000000,سفید صدفی,سالم,سالم و پلمپ,رنگu200cشدگی در ۴ ناحیه,6
601,QYxiZus-,mvm,x33,1400,0,250000000,سفید,سالم,سالم و پلمپ,سالم و بیu200cخط و خش,12
602,QYvWFoZK,suzuki,grand-vitara,2007,320000,439000000,مشکی,سالم,سالم و پلمپ,رنگu200cشدگی در ۲ ناحیه,6
603,QY4qKWvK,tiba,hatchback,1400,14000,180000000,سفید صدفی,سالم,سالم و پلمپ,سالم و بیu200cخط و خش,6
604,QY4mqvWE,haima,s7-plus,1400,6000,830000000,سفید صدفی,سالم,سالم و پلمپ,سالم و بیu200cخط و خش,7
605,QY4q6MOR,peugeot,206,1382,270000,85000000,مشکی,سالم,سالم و پلمپ,خط و خش جزیی,5
606,QY46KKzp,quick,manual,1400,0,203000000,سفید,,,,12
607,QYwK9Eey,kia,optima,2014,125000,1120000000,سفید صدفی,سالم,سالم و پلمپ,سالم و بیu200cخط و خش,6
608,QY444WSH,hyundai,azera-grandeur,2018,0,2650000000,مشکی,سالم,سالم و پلمپ,سالم و بیu200cخط و خش,10
609,QY2W0NLn,toyota,landcruiser-2door,1366,214,370000000,سفید,سالم,سالم و پلمپ,سالم و بیu200cخط و خش,11
610,QY4yKZIe,mazda,3n-sedan-ir,1398,18500,1100000000,سفید,سالم,سالم و پلمپ,سالم و بیu200cخط و خش,12
611,QYj-q6WA,mvm,x22,1400,1,174000000,سفید,سالم,سالم و پلمپ,سالم و بیu200cخط و خش,12
612,QY426Kx_,quick,manual,1398,6000,192000000,سفید,سالم,سالم و پلمپ,سالم و بیu200cخط و خش,8
613,QY4OrWe4,pride,111,1389,290000,82000000,نوکu200cمدادی,سالم,سالم و پلمپ,سالم و بیu200cخط و خش,10
614,QY46pQuG,pride,sedan,1387,250000,53500000,نقرهu200cای,سالم,,دوررنگ,10
615,QY4S73ha,hyundai,azera-grandeur,2008,150000,650000000,مشکی,سالم,سالم و پلمپ,سالم و بیu200cخط و خش,10
616,QY4OrPUt,runna,lx,1393,176000,170000000,سفید,سالم,سالم و پلمپ,خط و خش جزیی,2
617,QY4ObXp3,daewoo,matiz,1379,240000,53000000,نقرهu200cای,سالم,سالم و پلمپ,خط و خش جزیی,10
618,QY4C7wHD,peugeot,405,1398,61000,205000000,خاکستری,سالم,سالم و پلمپ,سالم و بیu200cخط و خش,10
619,QY4SbXTv,toyota,prado-2door,2006,205000,1280000000,مشکی,سالم,سالم و پلمپ,رنگu200cشدگی در ۱ ناحیه,2
620,QY4Srota,mazda,3n-sedan-ir,1398,2700,1110000000,سفید,سالم,سالم و پلمپ,سالم و بیu200cخط و خش,4
621,QYfax9on,kia,sorento,2017,60000,2450000000,مشکی,سالم,سالم و پلمپ,سالم و بیu200cخط و خش,9
622,QY4G73mp,peugeot,206,1399,19000,245000000,سفید,سالم,سالم و پلمپ,سالم و بیu200cخط و خش,10
623,QY4O7sPL,pride,111,1393,146000,115000000,آبی,سالم,سالم و پلمپ,خط و خش جزیی,10
624,QY4O71wV,pride,131,1390,243000,81000000,بژ,سالم,سالم و پلمپ,خط و خش جزیی,4
625,QY2KzQW5,samand,lx,1394,145000,149000000,مشکی,سالم,سالم و پلمپ,سالم و بیu200cخط و خش,3
626,QYvWkAwL,dongfeng,h30-cross,1398,58000,375000000,سفید,سالم,سالم و پلمپ,سالم و بیu200cخط و خش,5
627,QYv-UT84,lifan,x50,1395,101000,260000000,سفید,سالم,سالم و پلمپ,سالم و بیu200cخط و خش,6
628,QY4W7wm1,citroen,xantia,1389,240000,200000000,سفید,سالم,سالم و پلمپ,سالم و بیu200cخط و خش,12
629,QY4Sbm-K,mvm,x22,1400,0,290000000,سفید,سالم,سالم و پلمپ,سالم و بیu200cخط و خش,12
630,QY2KOUpv,dena,plus,1398,57500,338000000,سفید,سالم,سالم و پلمپ,سالم و بیu200cخط و خش,10
631,QY4Srdhw,ssangyong,tivoli,2017,45000,850000000,مشکی,,,سالم و بیu200cخط و خش,4
632,QY4SrYqq,paykan,petrol,1382,10000,33000000,سفید,سالم,سالم و پلمپ,خط و خش جزیی,12
633,QY32EmaO,renault,tondar-90,1396,66000,275000000,سفید,سالم,سالم و پلمپ,سالم و بیu200cخط و خش,6
634,QY4SrNzn,peugeot,405,1399,2000,210000000,زرد,سالم,,سالم و بیu200cخط و خش,3
635,QY4OrZhB,peugeot,206,1398,30000,160000000,سفید,سالم,سالم و پلمپ,تصادفی,3
636,QY4KLUK0,hyundai,azera-grandeur,2018,1,2880000000,سفید صدفی,سالم,,سالم و بیu200cخط و خش,7
637,QY4SLPKE,hyundai,i30,2011,135000,540000000,سفید,سالم,سالم و پلمپ,خط و خش جزیی,3
638,QY4SLKEv,samand,lx,1395,80000,192000000,سفید,سالم,سالم و پلمپ,خط و خش جزیی,9
639,QY4Kbcv3,peugeot,207i,1399,23000,329000000,سفید,سالم,,سالم و بیu200cخط و خش,6
640,QY4G7Znw,pride,131,1392,170000,84000000,سفید,سالم,سالم و پلمپ,سالم و بیu200cخط و خش,7
641,QY466ebB,pride,131,1394,200000,118000000,سفید,سالم,سالم و پلمپ,سالم و بیu200cخط و خش,4
642,QY3mlEuL,brilliance,h330,1397,20000,400000000,سفید,سالم,سالم و پلمپ,سالم و بیu200cخط و خش,12
643,QY4CLYcv,peugeot,206-sd,1389,230000,150000000,سفید,سالم,سالم و پلمپ,رنگu200cشدگی در ۱ ناحیه,6
644,QY4C7kWE,haima,s7,1396,20000,696000000,مشکی,,سالم و پلمپ,سالم و بیu200cخط و خش,12
645,QY4-6xHC,renault,tondar-90,1394,47900,298000000,سفید,سالم,سالم و پلمپ,رنگu200cشدگی در ۱ ناحیه,10
646,QY46K_dM,peugeot,206,1398,49000,273000000,سفید,سالم,سالم و پلمپ,سالم و بیu200cخط و خش,12
647,QY4-asA1,peugeot,207i,1397,29000,395000000,مشکی,سالم,,,9
648,QY42K9jj,bmw,3-series-convertible,2006,220000,920000000,نقرهu200cای,سالم,سالم و پلمپ,دوررنگ,6
649,QY466bg5,pride,sedan,1382,100000,45000000,سفید,سالم,,سالم و بیu200cخط و خش,9
650,QY4-aLCJ,peugeot,207i,1397,62000,380000000,سفید,سالم,سالم و پلمپ,خط و خش جزیی,9
651,QY4C7kp2,peugeot,roa,1387,250000,68500000,نقرهu200cای,سالم,سالم و پلمپ,خط و خش جزیی,7
652,QY3G2YLB,mercedes-benz,e-class,2016,59000,3495000000,سفید,سالم,سالم و پلمپ,سالم و بیu200cخط و خش,6
653,QY466Dpo,citroen,new-c5,2011,290000,680000000,خاکستری,سالم,سالم و پلمپ,رنگu200cشدگی در ۲ ناحیه,10
654,QY4ya_68,pride,111,1392,162000,118000000,سفید,سالم,سالم و پلمپ,صافکاری بیu200cرنگ، در ۱ ناحیه,3
655,QY0qbe-2,hyundai,genesis-sedan,2011,115000,1170000000,سفید صدفی,سالم,سالم و پلمپ,سالم و بیu200cخط و خش,6
656,QY42KJYu,dena,basic,1399,18000,328000000,سفید,سالم,سالم و پلمپ,سالم و بیu200cخط و خش,11
657,QY42KQUF,peugeot,405,1394,110000,145000000,دلفینی,سالم,سالم و پلمپ,سالم و بیu200cخط و خش,7
658,QY4yqVZ0,hyundai,sonata-lf-hybrid,2017,60000,1550000000,سفید صدفی,سالم,سالم و پلمپ,سالم و بیu200cخط و خش,8
659,QY5Jh65g,chery,tiggo-7,1400,0,347000000,سفید,سالم,سالم و پلمپ,سالم و بیu200cخط و خش,12
660,QY4uK1Xn,peugeot,pars,1393,85000,125000000,نوکu200cمدادی,سالم,سالم و پلمپ,سالم و بیu200cخط و خش,12
661,QY1272GB,paykan,pickup,1393,136000,125000000,سفید,سالم,سالم و پلمپ,رنگu200cشدگی در ۳ ناحیه,12
662,QYziQjC5,peugeot,207i,1399,17000,470000000,سفید,سالم,سالم و پلمپ,سالم و بیu200cخط و خش,10
663,QY42aOPp,kia,sportage,2014,86000,1180000000,سفید,سالم,سالم و پلمپ,سالم و بیu200cخط و خش,6
664,QY4uKiZj,peugeot,206,1387,163000,118500000,نقرهu200cای,سالم,سالم و پلمپ,رنگu200cشدگی در ۲ ناحیه,6
665,QY4uafmU,peugeot,rdi,1385,130000,55000000,یشمی,سالم,,خط و خش جزیی,10
666,QYxO5moi,mvm,x33s,1400,0,630000000,نوکu200cمدادی,سالم,,سالم و بیu200cخط و خش,12
667,QY0GWaJ7,peugeot,206-sd,1395,90000,222000000,سفید,سالم,سالم و پلمپ,سالم و بیu200cخط و خش,11
668,QY3WVwal,kia,optima,2015,70000,1320000000,سفید صدفی,سالم,سالم و پلمپ,سالم و بیu200cخط و خش,6
669,QY4K5YYe,dena,basic,1399,17000,328000000,مشکی,سالم,سالم و پلمپ,سالم و بیu200cخط و خش,3
670,QY4mKVFP,pride,131,1397,53532,136000000,سفید,,سالم و پلمپ,سالم و بیu200cخط و خش,8
671,QYbioGCM,chery,tiggo-5,1400,0,340000000,مشکی,سالم,سالم و پلمپ,سالم و بیu200cخط و خش,12
672,QYm6isbT,renault,tondar-90,1395,77000,278000000,سفید,سالم,سالم و پلمپ,صافکاری بیu200cرنگ، در ۱ ناحیه,5
673,QYmShZJy,ssangyong,actyon,2011,94000,600000000,زرشکی,سالم,سالم و پلمپ,سالم و بیu200cخط و خش,12
674,QY4iKRtz,runna,lx,1397,3800,199900000,سفید,سالم,,سالم و بیu200cخط و خش,2
675,QY4e6yYw,peugeot,206,1390,210000,136000000,سفید,سالم,سالم و پلمپ,خط و خش جزیی,9
676,QY2ixJ6V,peugeot,207i,1397,48000,288000000,سفید,سالم,سالم و پلمپ,سالم و بیu200cخط و خش,2
677,QY4eK5GW,hyundai,tucson-ix35,2017,44,1720000000,سفید,سالم,سالم و پلمپ,سالم و بیu200cخط و خش,6
678,QY4aqb1r,peugeot,206,1395,135000,185000000,سفید,سالم,سالم و پلمپ,رنگu200cشدگی، در ۲ ناحیه,3
679,QY4aqaqA,hyundai,tucson-ix35,2016,25000,1640000000,سفید,سالم,سالم و پلمپ,سالم و بیu200cخط و خش,5
680,QY4eK5bR,peugeot,206,1389,115000,140000000,سفید,سالم,سالم و پلمپ,سالم و بیu200cخط و خش,4
681,QY4mkcyv,hyundai,santafe-ix45,2017,74000,1950000000,مشکی,سالم,سالم و پلمپ,سالم و بیu200cخط و خش,6
682,QY4WqVue,peugeot,pars,1399,7800,267000000,سفید,سالم,سالم و پلمپ,سالم و بیu200cخط و خش,11
683,QY4WqVyN,pride,sedan,1384,300000,50000000,مشکی,سالم,سالم و پلمپ,رنگu200cشدگی، در چند ناحیه,1
684,QY4aK2c8,peugeot,206,1386,220000,112000000,خاکستری,سالم,سالم و پلمپ,سالم و بیu200cخط و خش,8
685,QY4Sqyac,peugeot,206,1396,62000,210000000,سفید,سالم,سالم و پلمپ,سالم و بیu200cخط و خش,12
686,QY4WaHiW,peugeot,206,1384,345000,105000000,نقرهu200cای,سالم,سالم و پلمپ,دوررنگ,9
687,QY3GBr30,hyundai,santafe-ix45,2017,74000,1930000000,مشکی,سالم,سالم و پلمپ,سالم و بیu200cخط و خش,4
688,QY4aqn8H,peugeot,pars,1398,13000,315000000,سفید,سالم,سالم و پلمپ,سالم و بیu200cخط و خش,3
689,QY4Sa88J,dena,basic,1399,27000,322000000,سفید,سالم,سالم و پلمپ,خط و خش جزیی,3
690,QY4S6oDo,tiba,sedan,1396,121000,144000000,سفید,سالم,سالم و پلمپ,سالم و بیu200cخط و خش,11
691,QY4Sa99I,pride,131,1396,89000,120000000,سفید صدفی,سالم,سالم و پلمپ,خط و خش جزیی,6
692,QY4WaxyT,peugeot,206,1386,300000,94000000,نقرهu200cای,سالم,سالم و پلمپ,دوررنگ,11
693,QY4S6cMH,proton,impian,2008,270000,125000000,قرمز,سالم,سالم و پلمپ,دوررنگ,11
694,QY4SqTwf,pride,131,1396,66500,126000000,سفید صدفی,سالم,سالم و پلمپ,سالم و بیu200cخط و خش,2
695,QYmG1xvv,mvm,x22,1400,0,172000000,سفید,سالم,سالم و پلمپ,سالم و بیu200cخط و خش,12
696,QYs2d_RI,mvm,x22,1400,0,204000000,سفید,سالم,سالم و پلمپ,سالم و بیu200cخط و خش,12
697,QYqG6e4-,mvm,x22,1400,0,290000000,قرمز,سالم,سالم و پلمپ,سالم و بیu200cخط و خش,12
698,QYmGiiiL,mvm,x22,1400,0,204000000,سفید صدفی,سالم,سالم و پلمپ,سالم و بیu200cخط و خش,12
699,QYo28bF1,mvm,x22,1400,0,290000000,خاکستری,سالم,سالم و پلمپ,سالم و بیu200cخط و خش,12
700,QYoKN-wB,ssangyong,tivoli-ir,1400,0,1295000000,مشکی,سالم,سالم و پلمپ,سالم و بیu200cخط و خش,12
701,QYm2DcRW,mvm,x22,1400,0,204000000,سفید,سالم,سالم و پلمپ,سالم و بیu200cخط و خش,12
702,QYnmU9US,mvm,x22,1400,0,290000000,قرمز,سالم,سالم و پلمپ,سالم و بیu200cخط و خش,12
703,QY4SKeIp,dena,basic,1399,2297,329000000,سفید,سالم,سالم و پلمپ,خط و خش جزیی,2
704,QY4SKZZa,chery,tiggo-5,1395,160000,515000000,سفید,سالم,سالم و پلمپ,سالم و بیu200cخط و خش,6
705,QY3-RmIf,peugeot,405,1385,300000,84000000,نقرهu200cای,سالم,سالم و پلمپ,دوررنگ,12
706,QY4S6JY0,mvm,x22,1397,30000,355000000,مشکی,سالم,سالم و پلمپ,سالم و بیu200cخط و خش,4
707,QY4Kqac5,hyundai,sonata-yf,2012,166812,935000000,سفید,سالم,سالم و پلمپ,صافکاری بیu200cرنگ,6
708,QY4Kqkoj,peugeot,405,1389,136000,130000000,سفید,سالم,سالم و پلمپ,سالم و بیu200cخط و خش,10
709,QY4OaNbD,pride,131,1399,7000,155000000,سفید,,,سالم و بیu200cخط و خش,11
710,QY4OqY46,peugeot,206,1381,260000,82000000,سفید,سالم,سالم و پلمپ,دوررنگ,12
711,QY4C6nK1,dongfeng,h30-cross,1397,17500,370000000,مشکی,سالم,سالم و پلمپ,سالم و بیu200cخط و خش,8
712,QY4Ca1Ge,dena,basic,1398,44000,302000000,سفید,سالم,سالم و پلمپ,سالم و بیu200cخط و خش,10
713,QY4Cawhw,baic,sabrina,2015,31,350000000,آلبالویی,سالم,سالم و پلمپ,سالم و بیu200cخط و خش,11
714,QY4G6qXh,mitsubishi,lancer,1993,252000,112000000,آلبالویی,سالم,سالم و پلمپ,رنگu200cشدگی، در چند ناحیه,7
715,QY4GanLF,hyundai,santafe-ix45,2017,40000,1950000000,سفید,سالم,سالم و پلمپ,سالم و بیu200cخط و خش,7
716,QY4GaZTw,nissan,patrol-4-door,1375,450000,157000000,مشکی,سالم,سالم و پلمپ,دوررنگ,6
717,QY4Gqhfr,pride,111,1398,68000,148000000,سفید,سالم,سالم و پلمپ,خط و خش جزیی,7
718,QY4Caiog,peugeot,405,1380,132000,85000000,مشکی,سالم,سالم و پلمپ,سالم و بیu200cخط و خش,7
719,QY4CKQpA,toyota,landcruiser-4door,2008,200000,4800000000,مشکی,سالم,سالم و پلمپ,سالم و بیu200cخط و خش,6
720,QY4C6dgg,dongfeng,h30-cross,1396,58000,240000000,سفید,سالم,,رنگu200cشدگی در ۲ ناحیه,11
721,QY4-Jzky,pride,111,1399,3000,175000000,سفید,سالم,سالم و پلمپ,سالم و بیu200cخط و خش,6
722,QY4KaoEJ,peugeot,405,1389,240000,130000000,نقرهu200cای,سالم,سالم و پلمپ,سالم و بیu200cخط و خش,8
723,QY4-5at4,quick,manual,1400,0,196000000,سفید صدفی,سالم,سالم و پلمپ,سالم و بیu200cخط و خش,12
724,QY4-pSa3,paykan,pickup,1393,98000,126000000,سفید,سالم,سالم و پلمپ,خط و خش جزیی,3
725,QY4-ZRTS,peugeot,207i,1400,5000,540000000,مشکی,سالم,سالم و پلمپ,سالم و بیu200cخط و خش,3
726,QY46po3H,pride,131,1396,75000,125000000,سفید,سالم,سالم و پلمپ,خط و خش جزیی,1
727,QY4aJIAJ,peugeot,pars,1392,150000,166000000,سفید,سالم,سالم و پلمپ,رنگu200cشدگی، در ۲ ناحیه,10
728,QYxi9t8q,mvm,x33,1400,1,250000000,سفید صدفی,سالم,سالم و پلمپ,سالم و بیu200cخط و خش,12
729,QYr-v8Nl,peugeot,206,1395,96000,215000000,سفید,سالم,سالم و پلمپ,خط و خش جزیی,5
730,QY4-5Qwa,peugeot,206,1385,210000,120000000,نوکu200cمدادی,سالم,,,12
731,QY4yZWTR,peugeot,206,1399,3700,248000000,سفید,سالم,سالم و پلمپ,سالم و بیu200cخط و خش,2
732,QY465-eB,paykan,pickup,1386,267000,77000000,سفید,سالم,سالم و پلمپ,دوررنگ,7
733,QYxiLZGT,mvm,x22,1400,0,174000000,سفید,سالم,سالم و پلمپ,سالم و بیu200cخط و خش,12
734,QY42pViz,renault,sandero,1396,125,420000000,نقرهu200cای,سالم,سالم و پلمپ,رنگu200cشدگی در ۱ ناحیه,10
735,QY42pVCW,fidelity,prime,1400,0,1020000000,مشکی,سالم,سالم و پلمپ,سالم و بیu200cخط و خش,12
736,QY42ZH0o,hyundai,azera-grandeur,2010,160000,715000000,سفید صدفی,سالم,سالم و پلمپ,رنگu200cشدگی، در ۲ ناحیه,6
737,QY4up80_,samand,lx,1400,7300,338000000,سفید صدفی,سالم,سالم و پلمپ,سالم و بیu200cخط و خش,10
738,QY42JvFQ,renault,sandero,1396,65000,410000000,نقرهu200cای,سالم,سالم و پلمپ,صافکاری بیu200cرنگ,5
739,QYTGYlR-,nissan,maxima-ir,1391,112000,850000000,سفید,سالم,سالم و پلمپ,سالم و بیu200cخط و خش,4
740,AYoea6OV,mvm,x22,1400,0,290000000,قرمز,سالم,سالم و پلمپ,سالم و بیu200cخط و خش,12
741,QY9osm3j,chery,arrizo-5te,1400,0,188000000,مشکی,سالم,سالم و پلمپ,سالم و بیu200cخط و خش,12
742,QYzyVx4k,peugeot,pars,1398,36000,275000000,سفید,سالم,سالم و پلمپ,سالم و بیu200cخط و خش,10
743,QYuaQBUy,hyundai,azera-grandeur,2008,180000,660000000,سفید صدفی,سالم,سالم و پلمپ,سالم و بیu200cخط و خش,10
744,QY4yZBTb,peugeot,pars,1400,10000,325000000,سفید,سالم,سالم و پلمپ,سالم و بیu200cخط و خش,5
745,QY4y5wuV,peugeot,207i,1400,43,378000000,مشکی,سالم,سالم و پلمپ,سالم و بیu200cخط و خش,12
746,QYz26CHW,daewoo,matiz,1382,180000,70000000,نقرهu200cای,سالم,سالم و پلمپ,رنگu200cشدگی در ۱ ناحیه,3
747,QY4y5TR-,peugeot,206-sd,1393,125000,205000000,سفید,سالم,سالم و پلمپ,خط و خش جزیی,5
748,QYruBb5E,mvm,x22,1400,0,580000000,نوکu200cمدادی,سالم,سالم و پلمپ,سالم و بیu200cخط و خش,12
749,AYVW4BJ5,mvm,x22,1400,0,129000000,آبی,سالم,سالم و پلمپ,سالم و بیu200cخط و خش,12
750,QYh-cqc1,mvm,x22,1400,0,290000000,قرمز,سالم,سالم و پلمپ,سالم و بیu200cخط و خش,12
751,QYhytbSW,mvm,x22,1400,0,290000000,نوکu200cمدادی,سالم,سالم و پلمپ,سالم و بیu200cخط و خش,12
752,QY4ypGo3,peugeot,pars,1391,180000,158000000,خاکستری,سالم,سالم و پلمپ,خط و خش جزیی,3
753,QY4ypDtL,quick,manual,1399,18500,180000000,سفید,سالم,سالم و پلمپ,سالم و بیu200cخط و خش,12
754,QY4qZ4p3,renault,tondar-90,1396,80000,310000000,سفید,سالم,سالم و پلمپ,صافکاری بیu200cرنگ، در ۲ ناحیه,12
755,QY4mpUes,samand,lx,1397,97700,209000000,سفید,سالم,سالم و پلمپ,رنگu200cشدگی، در ۱ ناحیه,3
756,QY062jNi,quick,automatic,1400,0,283000000,سفید,سالم,سالم و پلمپ,سالم و بیu200cخط و خش,10
757,QY4yZT-v,peugeot,pars,1400,0,282000000,سفید,سالم,سالم و پلمپ,سالم و بیu200cخط و خش,12
758,QY4qprR3,dena,plus,1399,12000,375000000,خاکستری,سالم,سالم و پلمپ,سالم و بیu200cخط و خش,6
759,QY4uZf4X,peugeot,206,1396,110000,193000000,سفید,سالم,سالم و پلمپ,,4
760,QY4qpc05,tiba,sedan,1400,0,180000000,سفید,سالم,سالم و پلمپ,سالم و بیu200cخط و خش,10
761,QY4mp3Xw,renault,tondar-90,1392,150000,252000000,سفید,سالم,سالم و پلمپ,سالم و بیu200cخط و خش,12
762,QYyCxDiz,daewoo,cielo,1379,256000,89000000,سفید,سالم,سالم و پلمپ,تمامu200cرنگ,3
763,QY4qZiOG,hyundai,sonata-yf,2013,146000,940000000,سفید,سالم,سالم و پلمپ,سالم و بیu200cخط و خش,3
764,QY2mHxR_,peugeot,405,1399,4500,265000000,خاکستری,سالم,سالم و پلمپ,سالم و بیu200cخط و خش,1
765,QY4mZ4Q3,peugeot,206,1395,102000,196000000,سفید,سالم,سالم و پلمپ,,9
766,QY4mZJHI,peugeot,405,1392,144000,142000000,خاکستری,سالم,سالم و پلمپ,سالم و بیu200cخط و خش,5
767,QY4mJmQc,quick,manual,1399,20000,185000000,سفید,سالم,سالم و پلمپ,سالم و بیu200cخط و خش,11
768,QY4i50Vs,dena,plus,1399,26000,360000000,مشکی,سالم,سالم و پلمپ,سالم و بیu200cخط و خش,6
769,QY4ipj45,pride,sedan,1388,290000,68500000,نقرهu200cای,سالم,سالم و پلمپ,دوررنگ,9
770,QY4ip6bA,samand,se,1391,220000,88000000,سفید,سالم,سالم و پلمپ,تمامu200cرنگ,3
771,QY4iJxPh,bmw,3-series-sedan,2008,250000,510000000,مشکی,سالم,سالم و پلمپ,رنگu200cشدگی، در ۲ ناحیه,3
772,QYw6Egxs,peugeot,206,1392,160000,100000000,سفید,سالم,سالم و پلمپ,رنگu200cشدگی در ۱ ناحیه,12
773,QY4iJyiX,kia,sportage,2014,82000,1000000000,سفید صدفی,سالم,سالم و پلمپ,خط و خش جزیی,2
774,QYVtX1Jz,chery,arrizo-6,1400,0,262000000,مشکی,سالم,سالم و پلمپ,سالم و بیu200cخط و خش,12
775,QY-9Dixf,mvm,x22,1400,0,204000000,خاکستری,سالم,سالم و پلمپ,سالم و بیu200cخط و خش,12
776,QY4iZoBO,pride,132,1390,180000,82000000,سفید,سالم,سالم و پلمپ,رنگu200cشدگی در ۲ ناحیه,8
777,QY4WpI2h,hyundai,tucson-ix35,2010,150000,710000000,سفید,سالم,سالم و پلمپ,سالم و بیu200cخط و خش,6
778,QY4eZovb,dena,basic,1398,27000,320000000,سفید,سالم,سالم و پلمپ,سالم و بیu200cخط و خش,6
779,QY4OGp0J,mvm,x22,1400,3,174000000,سفید صدفی,سالم,سالم و پلمپ,سالم و بیu200cخط و خش,4
780,QY4ipKhB,peugeot,405,1395,149000,167000000,خاکستری,سالم,سالم و پلمپ,رنگu200cشدگی در ۱ ناحیه,6
781,QY4ipWUT,pride,131,1398,50000,144000000,سفید,سالم,سالم و پلمپ,سالم و بیu200cخط و خش,4
782,QY4apIlK,pride,132,1388,222588,65000000,مشکی,سالم,سالم و پلمپ,خط و خش جزیی,11
783,QY4WZsgU,peugeot,206,1396,80000,228000000,سفید,سالم,سالم و پلمپ,سالم و بیu200cخط و خش,6
784,QY4epBnt,pride,111,1395,32000,130000000,سفید,سالم,سالم و پلمپ,سالم و بیu200cخط و خش,10
785,QY4e5IQn,mvm,315-hatchback,1394,85000,190000000,آلبالویی,سالم,سالم و پلمپ,سالم و بیu200cخط و خش,12
786,QY4aJWBX,peugeot,206,1383,250000,86000000,نقرهu200cای,سالم,,رنگu200cشدگی، در چند ناحیه,10
787,QY4O5tnZ,peugeot,206,1394,98000,210000000,سفید,سالم,سالم و پلمپ,رنگu200cشدگی در ۱ ناحیه,4
788,QY0KZLbE,hyundai,sonata-nf,2007,200000,490000000,سفید صدفی,سالم,سالم و پلمپ,رنگu200cشدگی در ۱ ناحیه,6
789,QY2ysMfF,peugeot,207i,1399,16000,337000000,سفید,سالم,سالم و پلمپ,سالم و بیu200cخط و خش,11
790,QY4WJP6v,peugeot,207i,1398,45000,317000000,سفید,سالم,سالم و پلمپ,سالم و بیu200cخط و خش,7
791,QY4Wp401,hyundai,veloster,2014,200000,740000000,سفید,سالم,سالم و پلمپ,سالم و بیu200cخط و خش,11
792,QY4WJKdX,pride,131,1398,36000,144000000,سفید,سالم,سالم و پلمپ,سالم و بیu200cخط و خش,1
793,QY4Wp2CU,mazda,3n-sedan-ir,1396,75000,910000000,سفید,سالم,سالم و پلمپ,سالم و بیu200cخط و خش,6
794,QYzKCU3G,kia,cerato-ir,1395,96000,630000000,سفید,سالم,سالم و پلمپ,سالم و بیu200cخط و خش,9
795,QY4SJ64G,pride,sedan,1383,250000,49000000,آلبالویی,سالم,سالم و پلمپ,صافکاری بیu200cرنگ، در ۱ ناحیه,11
796,QYwC3A4u,renault,talisman,2018,1800,1900000000,سفید صدفی,سالم,سالم و پلمپ,سالم و بیu200cخط و خش,12
797,QY3Oh1wb,lexus,nx-300-h,2016,12000,3420000000,سفید,سالم,سالم و پلمپ,رنگu200cشدگی، در چند ناحیه,9
798,QY4-onBC,peugeot,206,1390,118000,139500000,سفید,سالم,سالم و پلمپ,رنگu200cشدگی، در ۲ ناحیه,12
799,QYuWi6Ej,bmw,5-series-sedan,2013,88000,1750000000,بژ,سالم,سالم و پلمپ,رنگu200cشدگی در ۳ ناحیه,9
800,QY4OJU7_,peugeot,pars,1398,34000,252000000,سفید,سالم,,سالم و بیu200cخط و خش,1
801,QYf6UVaw,quick,manual,1400,0,191000000,سفید,سالم,,,12
802,QY4OpUgN,pride,131,1390,270,85000000,نقرهu200cای,سالم,,رنگu200cشدگی در ۲ ناحیه,3
803,QY4O5L87,pride,132,1390,225000,75000000,سفید,سالم,,خط و خش جزیی,11
804,QY4Kp7UT,hyundai,i20-ir,1396,49300,720000000,نقرهu200cای,سالم,سالم و پلمپ,سالم و بیu200cخط و خش,9
805,QYy2_ot8,dongfeng,h30-cross,1396,42000,335000000,سفید,سالم,سالم و پلمپ,سالم و بیu200cخط و خش,6
806,QY4KpdUW,pride,131,1392,220000,91000000,نوکu200cمدادی,سالم,سالم و پلمپ,رنگu200cشدگی در ۲ ناحیه,7
807,QYgy77vM,renault,sandero,1395,120000,373000000,مشکی,سالم,سالم و پلمپ,صافکاری بیu200cرنگ، در ۲ ناحیه,1
808,QY4Op_Yu,chery,tiggo-7,1400,0,347000000,سفید صدفی,سالم,,,12
809,QYGde9vZ,saina,manual,1400,0,176000000,سفید,سالم,سالم و پلمپ,سالم و بیu200cخط و خش,12
810,QY4K5Wf7,quick,manual,1400,0,212800000,سفید,سالم,سالم و پلمپ,سالم و بیu200cخط و خش,12
811,QYg6oky5,mvm,x22,1400,1,150000000,قرمز,سالم,سالم و پلمپ,سالم و بیu200cخط و خش,12
812,QY4O5kJR,pride,sedan,1381,210000,38500000,مشکی,سالم,سالم و پلمپ,خط و خش جزیی,10
813,QY4GZcY7,peugeot,206,1396,100000,210000000,خاکستری,سالم,,رنگu200cشدگی، در چند ناحیه,8
814,QY4OpE3A,quick,manual,1400,14700,186000000,مشکی,سالم,سالم و پلمپ,خط و خش جزیی,10
815,QY4GJUPu,citroen,xantia,1385,320000,200000000,نقرهu200cای,سالم,سالم و پلمپ,خط و خش جزیی,3
816,QY4OJIyZ,alfa-romeo,giulietta,2017,69000,1500000000,سفید,سالم,سالم و پلمپ,رنگu200cشدگی در ۱ ناحیه,3
817,QY1q-M7V,pride,hatchback,1385,240000,59500000,سفید,سالم,,رنگu200cشدگی در ۲ ناحیه,9
818,QY4OpMH_,runna,plus,1400,150,263000000,سفید,سالم,سالم و پلمپ,سالم و بیu200cخط و خش,8
819,QYRSTqm7,renault,koleos,2018,24000,1940000000,بژ,سالم,سالم و پلمپ,سالم و بیu200cخط و خش,12
820,QY3S0Aw8,saina,manual,1397,60000,164000000,سفید,سالم,سالم و پلمپ,سالم و بیu200cخط و خش,4
821,QY4KJXxZ,samand,el,1389,190000,108000000,نقرهu200cای,سالم,سالم و پلمپ,رنگu200cشدگی، در ۲ ناحیه,4
822,QY4C5Qv_,peugeot,206-sd,1393,143000,196000000,سفید,سالم,سالم و پلمپ,خط و خش جزیی,8
823,QYwuTxbk,peugeot,405,1397,70000,203000000,دلفینی,سالم,سالم و پلمپ,سالم و بیu200cخط و خش,7
824,QY4GZ9PE,dignity,,1400,0,1300000000,سفید,سالم,سالم و پلمپ,سالم و بیu200cخط و خش,12
825,QY4-4uAY,hyundai,verna,1385,160000,180000000,نقرهu200cای,سالم,سالم و پلمپ,خط و خش جزیی,6
826,QY4-oapt,peugeot,206,1399,12000,240000000,خاکستری,سالم,سالم و پلمپ,خط و خش جزیی,8
827,QY4-YNhJ,quick,manual,1398,25000,183000000,سفید,سالم,سالم و پلمپ,سالم و بیu200cخط و خش,8
828,QY46YhbP,renault,sandero-stepway,1398,12800,639000000,مشکی,سالم,سالم و پلمپ,سالم و بیu200cخط و خش,12
829,QY3qwKga,peugeot,206,1399,15700,252000000,سفید,سالم,سالم و پلمپ,خط و خش جزیی,11
830,QY4uY-Cr,samand,x7,1383,280000,85000000,نقرهu200cای,سالم,سالم و پلمپ,خط و خش جزیی,7
831,QY4C5dAc,kia,cerato,2015,32024,1050000000,سفید صدفی,سالم,سالم و پلمپ,سالم و بیu200cخط و خش,11
832,QY4CJHES,quick,manual,1398,64000,178000000,سفید,سالم,سالم و پلمپ,سالم و بیu200cخط و خش,6
833,QY42YB9i,pride,131,1388,200000,68000000,نقرهu200cای,سالم,سالم و پلمپ,سالم و بیu200cخط و خش,12
834,QYP6tkt9,peugeot,206,1394,130000,180000000,سفید,سالم,سالم و پلمپ,سالم و بیu200cخط و خش,7
835,QY9AOK4Y,mvm,x33s,1400,0,169000000,سفید صدفی,سالم,سالم و پلمپ,سالم و بیu200cخط و خش,12
836,QYhd2wmb,chery,arrizo-6,1400,0,262000000,سفید,سالم,سالم و پلمپ,سالم و بیu200cخط و خش,12
837,QYvuy5Ni,peugeot,206,1398,12000,290000000,سفید,سالم,سالم و پلمپ,سالم و بیu200cخط و خش,12
838,QY4yosH2,peugeot,206,1399,800,265000000,سفید,سالم,سالم و پلمپ,سالم و بیu200cخط و خش,12
839,QY4y4LcJ,chery,tiggo-5,1397,52000,535000000,مشکی,سالم,,سالم و بیu200cخط و خش,8
840,QY464Tw9,mvm,315-sedan,1393,160000,150000000,مشکی,سالم,سالم و پلمپ,صافکاری بیu200cرنگ، در ۱ ناحیه,6
841,QYl5HIu4,mvm,x22,1400,0,193000000,مشکی,سالم,سالم و پلمپ,سالم و بیu200cخط و خش,12
842,AY-ciM56,chery,arrizo-5te,1400,0,188000000,سفید,سالم,سالم و پلمپ,سالم و بیu200cخط و خش,12
843,QY46YGJG,saina,manual,1399,1,185000000,سفید,سالم,سالم و پلمپ,سالم و بیu200cخط و خش,12
844,QYf-0eUl,saina,manual,1400,0,198000000,سفید,سالم,سالم و پلمپ,سالم و بیu200cخط و خش,12
845,QY42YsKL,peugeot,405,1396,54000,228000000,سفید,سالم,سالم و پلمپ,سالم و بیu200cخط و خش,5
846,QYYSa_Hh,mvm,x22,1400,0,170000000,سفید صدفی,سالم,سالم و پلمپ,سالم و بیu200cخط و خش,12
847,QYhSOGqs,mvm,x22,1400,0,290000000,سفید صدفی,سالم,سالم و پلمپ,سالم و بیu200cخط و خش,12
848,QY06pap_,pride,131,1396,79000,127000000,سفید,سالم,سالم و پلمپ,سالم و بیu200cخط و خش,7
849,QY4y4dRL,peugeot,pars,1400,10000,260000000,خاکستری,سالم,سالم و پلمپ,رنگu200cشدگی، در ۱ ناحیه,7
850,QY6WyjJl,pride,131,1399,17000,150000000,سفید,سالم,سالم و پلمپ,سالم و بیu200cخط و خش,8
851,QY2uSOhb,quick,manual,1400,0,225000000,سفید,سالم,سالم و پلمپ,سالم و بیu200cخط و خش,12
852,QY6WCUhM,peugeot,pars,1392,128000,185000000,سفید,سالم,سالم و پلمپ,خط و خش جزیی,10
853,QYtKi7tA,pride,sedan,1389,200000,68000000,نقرهu200cای,سالم,,دوررنگ,1
854,QY6OCXWM,peugeot,206,1396,62000,255000000,سفید,سالم,سالم و پلمپ,خط و خش جزیی,3
855,QY6SS-IF,pride,131,1396,91000,126000000,سفید,سالم,سالم و پلمپ,سالم و بیu200cخط و خش,7
856,QY6KC_sS,samand,lx,1394,140000,205000000,سفید,سالم,سالم و پلمپ,خط و خش جزیی,2
857,QY6SStoE,dena,,1395,35000,265000000,مشکی,سالم,سالم و پلمپ,سالم و بیu200cخط و خش,2
858,QY6SCtoQ,quick,manual,1400,13000,189000000,سفید,سالم,سالم و پلمپ,سالم و بیu200cخط و خش,4
859,QYZyxxOJ,dongfeng,h30-cross,1397,95000,260000000,سفید,سالم,سالم و پلمپ,رنگu200cشدگی، در ۱ ناحیه,3
860,QY4emIzW,hyundai,azera-grandeur,2008,250000,650000000,مشکی,سالم,,رنگu200cشدگی، در چند ناحیه,10
861,QY6OSCn1,peugeot,pars,1400,1000,395000000,سفید صدفی,سالم,سالم و پلمپ,سالم و بیu200cخط و خش,12
862,QY6CC1ZI,hyundai,sonata-yf,2011,200000,850000000,مشکی,سالم,سالم و پلمپ,رنگu200cشدگی، در ۲ ناحیه,12
863,QY6Ci093,peugeot,405,1399,33000,231000000,دلفینی,سالم,سالم و پلمپ,سالم و بیu200cخط و خش,6
864,QY6KC9mO,peugeot,206,1399,15000,305000000,مشکی,سالم,سالم و پلمپ,سالم و بیu200cخط و خش,10
865,QY6CCrLy,tiba,sedan,1400,15000,175000000,سفید,سالم,سالم و پلمپ,سالم و بیu200cخط و خش,8
866,QY6CCl0V,besturn,b50f,1395,120000,440000000,سفید,سالم,سالم و پلمپ,سالم و بیu200cخط و خش,7
867,QY6CCTjC,peugeot,206,1385,330000,95000000,نقرهu200cای,سالم,سالم و پلمپ,دوررنگ,2
868,QY069Ui4,kia,cerato,2016,95000,1020000000,سفید صدفی,سالم,سالم و پلمپ,سالم و بیu200cخط و خش,3
869,QY6CCCxl,peugeot,206,1398,15000,245000000,سفید,سالم,سالم و پلمپ,سالم و بیu200cخط و خش,11
870,QY66Bsgm,zamyad,z-24,1396,230000,220000000,آبی,سالم,سالم و پلمپ,رنگu200cشدگی در ۲ ناحیه,9
871,QY66RtA7,nissan,maxima-ir,1388,140000,625000000,سفید صدفی,سالم,سالم و پلمپ,سالم و بیu200cخط و خش,7
872,QY62x-WU,mazda,3-ir,1386,209000,340000000,نوکu200cمدادی,سالم,سالم و پلمپ,دوررنگ,3
873,QYw-K-wz,samand,lx,1391,175000,162000000,نوکu200cمدادی,سالم,سالم و پلمپ,خط و خش جزیی,8
874,QY62huIe,peugeot,206,1397,89000,250000000,مشکی,سالم,سالم و پلمپ,سالم و بیu200cخط و خش,7
875,QY66hIMw,peugeot,206,1389,71000,140000000,سفید,سالم,سالم و پلمپ,رنگu200cشدگی، در ۲ ناحیه,12
876,QY62RCN3,pride,111,1391,200000,85000000,سفید,سالم,سالم و پلمپ,دوررنگ,9
877,QY66h8xq,quick,manual,1400,0,195000000,سفید,سالم,سالم و پلمپ,سالم و بیu200cخط و خش,12
878,QY6uh_lQ,peugeot,206,1383,300000,98000000,اطلسی,سالم,سالم و پلمپ,سالم و بیu200cخط و خش,12
879,QY66hsX7,peugeot,206,1380,128208,85000000,مشکی,سالم,سالم و پلمپ,خط و خش جزیی,6
880,QY6yhIuU,paykan,bi-fuel(lpg),1375,350000,28000000,سفید,سالم,سالم و پلمپ,رنگu200cشدگی در ۲ ناحیه,10
881,QY6yBFRY,samand,x7,1382,230000,70000000,نقرهu200cای,سالم,سالم و پلمپ,خط و خش جزیی,6
882,QY66xDK5,mvm,315-hatchback,1396,96000,190000000,سفید,سالم,,رنگu200cشدگی، در ۲ ناحیه,8
883,QY6uBhOQ,mercedes-benz,e-class,1366,200000,170000000,سفید,سالم,سالم و پلمپ,دوررنگ,12
884,QY6uBxQI,saina,manual,1397,67000,162000000,سفید,سالم,سالم و پلمپ,سالم و بیu200cخط و خش,10
885,QY6uRn1g,toyota,camry,2011,95000,1030000000,سفید صدفی,سالم,سالم و پلمپ,خط و خش جزیی,3
886,QY6qhZi1,quick,manual,1398,42000,186000000,سفید,سالم,سالم و پلمپ,سالم و بیu200cخط و خش,6
887,QYvC5TU-,peugeot,pars,1399,9000,305000000,سفید,سالم,سالم و پلمپ,سالم و بیu200cخط و خش,3
888,QY6yxcMo,nissan,pickup,1386,180000,175000000,آبی,,,,12
889,QY6yhRYD,zamyad,shooka,1388,200000,240000000,سفید,سالم,سالم و پلمپ,سالم و بیu200cخط و خش,6
890,QY6mxpIp,pride,sedan,1388,128000,69000000,نوکu200cمدادی,سالم,سالم و پلمپ,سالم و بیu200cخط و خش,6
891,QYnKN46p,kia,opirus,2009,95000,1030000000,مشکی,سالم,سالم و پلمپ,سالم و بیu200cخط و خش,10
892,QYZex1O_,tiba,sedan,1399,1400,169000000,سفید,سالم,سالم و پلمپ,سالم و بیu200cخط و خش,4
893,QYyufTpa,peugeot,405,1399,35000,285000000,سفید,سالم,سالم و پلمپ,سالم و بیu200cخط و خش,3
894,QY6ixhq0,peugeot,207i,1399,10000,370000000,سفید,سالم,سالم و پلمپ,سالم و بیu200cخط و خش,8
895,QY6qRbvN,quick,manual,1400,5600,192000000,سفید,سالم,,سالم و بیu200cخط و خش,9
896,QY6WhSA6,peugeot,405,1389,240000,120000000,نقرهu200cای,سالم,سالم و پلمپ,خط و خش جزیی,3
897,QY6Whq4l,peugeot,207i,1397,12000,430000000,سفید,سالم,,رنگu200cشدگی در ۳ ناحیه,1
898,QY6qBIBO,peugeot,405,1390,140000,135000000,سفید,سالم,سالم و پلمپ,رنگu200cشدگی در ۳ ناحیه,9
899,QY6eh0Nw,mercedes-benz,c-class,2014,80000,1980000000,سفید,سالم,سالم و پلمپ,سالم و بیu200cخط و خش,8
900,QY6iRg65,hyundai,tucson-ix35,2015,91000,1295000000,مشکی,سالم,سالم و پلمپ,سالم و بیu200cخط و خش,1
901,QY6WB1FA,volkswagen,tiguan,2018,33000,2900000000,خاکستری,سالم,سالم و پلمپ,سالم و بیu200cخط و خش,6
902,QY6aho4E,pazhan,4-door,1386,65000,480000000,سفید,سالم,سالم و پلمپ,سالم و بیu200cخط و خش,7
903,QY6KhEWJ,chery,tiggo-5,1396,82000,560000000,سفید,سالم,سالم و پلمپ,خط و خش جزیی,12
904,QY6SxWIb,mazda,pickup,1400,1,287000000,سفید,سالم,سالم و پلمپ,سالم و بیu200cخط و خش,12
905,QY6ShNxS,dena,plus,1400,0,498000000,سفید,سالم,سالم و پلمپ,سالم و بیu200cخط و خش,12
906,QY6SxPNA,hyundai,santafe-ix45,2017,24000,1920000000,سفید,سالم,سالم و پلمپ,سالم و بیu200cخط و خش,6
907,QY6WxBit,lexus,nx-300-h,2016,30000,2950000000,سفید صدفی,سالم,سالم و پلمپ,سالم و بیu200cخط و خش,3
908,QY3i3Q17,peugeot,pars,1397,82000,257000000,سفید,سالم,سالم و پلمپ,سالم و بیu200cخط و خش,4
909,QY6OxcYW,peugeot,206,1397,45000,217000000,سفید,سالم,سالم و پلمپ,سالم و بیu200cخط و خش,3
910,QY6GBsOF,peugeot,206,1395,140000,220000000,سفید,سالم,سالم و پلمپ,خط و خش جزیی,10
911,QY6OxtuP,hyundai,tucson-ix35,2014,76000,1120000000,سفید,,سالم و پلمپ,سالم و بیu200cخط و خش,12
912,QY6igG6V,paykan,petrol,1383,300,26000000,سفید,سالم,سالم و پلمپ,خط و خش جزیی,7
913,QY6Kh7eF,peugeot,206,1395,147000,222000000,سفید,سالم,سالم و پلمپ,سالم و بیu200cخط و خش,7
914,QY62gbsM,hyundai,santafe-ix45,2015,83677,1415000000,سفید صدفی,سالم,سالم و پلمپ,رنگu200cشدگی، در چند ناحیه,3
915,QY6GR6FM,peugeot,405,1384,210000,105000000,نوکu200cمدادی,سالم,سالم و پلمپ,خط و خش جزیی,8
916,QYzGXjAA,samand,lx,1393,82000,160000000,زرد,سالم,سالم و پلمپ,سالم و بیu200cخط و خش,12
917,QY6GRr4T,peugeot,roa-sal,1389,240000,85000000,نقرهu200cای,سالم,سالم و پلمپ,رنگu200cشدگی در ۲ ناحیه,10
918,QY6-AiaR,peugeot,pars,1391,145000,225000000,خاکستری,سالم,سالم و پلمپ,سالم و بیu200cخط و خش,5
919,QY6-Qcev,peugeot,pars,1396,85000,272000000,سفید,سالم,سالم و پلمپ,سالم و بیu200cخط و خش,10
920,QY66AuNm,kia,cerato-ir,1398,10024,865000000,سفید,سالم,سالم و پلمپ,خط و خش جزیی,9
921,QY6GBJYo,lifan,x50,1394,50000,241000000,مشکی,سالم,سالم و پلمپ,خط و خش جزیی,12
922,QY66QkRf,pride,pickup,1400,0,172500000,سفید,سالم,سالم و پلمپ,سالم و بیu200cخط و خش,12
923,QYTaeNep,citroen,xantia,1389,189000,258000000,نوکu200cمدادی,سالم,سالم و پلمپ,سالم و بیu200cخط و خش,9
924,QYvSo97o,changan,cs35-ir,1397,10000,550000000,سفید,سالم,سالم و پلمپ,سالم و بیu200cخط و خش,11
925,QY66whI5,changan,eado,2015,80000,430000000,سفید,سالم,سالم و پلمپ,سالم و بیu200cخط و خش,8
926,QY6CxGJV,pride,131,1390,350000,77000000,نوکu200cمدادی,سالم,سالم و پلمپ,خط و خش جزیی,5
927,QY62gOEk,pride,132,1392,165000,88500000,سفید,سالم,سالم و پلمپ,سالم و بیu200cخط و خش,8
928,QY6-QX7F,pride,111,1395,200000,130000000,سفید,سالم,سالم و پلمپ,سالم و بیu200cخط و خش,4
929,QY66gwcx,mercedes-benz,e-class,2011,140000,620000000,سربی,سالم,سالم و پلمپ,سالم و بیu200cخط و خش,3
930,QY6-wSZP,dignity,,1400,0,1295000000,سفید,,سالم و پلمپ,سالم و بیu200cخط و خش,12
931,QY6yQ6ik,peugeot,405,1380,370000,83000000,یشمی,سالم,سالم و پلمپ,رنگu200cشدگی در ۱ ناحیه,8
932,QY6-gAYQ,haima,s7,1397,39000,715000000,مشکی,سالم,سالم و پلمپ,سالم و بیu200cخط و خش,8
933,QY66Alcv,daewoo,cielo,1381,168000,69000000,مشکی,سالم,سالم و پلمپ,خط و خش جزیی,8
934,QY6ygMxi,pride,131,1396,175000,120000000,سفید,سالم,سالم و پلمپ,سالم و بیu200cخط و خش,3
935,QYjaKfLc,chery,arrizo-5te,1399,16000,575000000,مشکی,سالم,سالم و پلمپ,سالم و بیu200cخط و خش,4
936,QY6ugw2X,hyundai,tucson-ix35,2010,140000,715000000,مشکی,سالم,سالم و پلمپ,سالم و بیu200cخط و خش,6
937,QYjSnTr4,quick,manual,1400,4000,198000000,سفید,سالم,سالم و پلمپ,سالم و بیu200cخط و خش,12
938,QYl2fCfW,dongfeng,h30-cross,1398,46000,350000000,خاکستری,سالم,سالم و پلمپ,خط و خش جزیی,12
939,QYrqhb4V,lexus,nx-200t,2017,55000,3540000000,تیتانیوم,سالم,سالم و پلمپ,سالم و بیu200cخط و خش,7
940,QY6qgTwy,peugeot,206,1396,82000,248000000,سفید,سالم,سالم و پلمپ,خط و خش جزیی,3
941,QY6ywDJw,peugeot,pars,1400,2000,332000000,سفید,سالم,سالم و پلمپ,سالم و بیu200cخط و خش,8
942,QY6uAYhp,paykan,pickup,1384,130000,77000000,سفید,سالم,,,12
943,QY6uAff1,peugeot,206,1382,310000,75000000,سفید,سالم,سالم و پلمپ,رنگu200cشدگی در ۳ ناحیه,8
944,QY6iwsat,peugeot,206,1395,85000,205000000,سفید,سالم,سالم و پلمپ,سالم و بیu200cخط و خش,12
945,QY6ugUAq,saina,manual,1397,33000,160000000,سفید,سالم,سالم و پلمپ,رنگu200cشدگی در ۱ ناحیه,3
946,QY6uQNrR,haima,s7,1399,0,805000000,سفید,سالم,سالم و پلمپ,سالم و بیu200cخط و خش,8
947,QY6mQSe4,peugeot,405,1384,440000,73000000,بژ,سالم,سالم و پلمپ,خط و خش جزیی,6
948,QY6eg9tg,quick,manual,1399,6000,183000000,سفید,سالم,سالم و پلمپ,سالم و بیu200cخط و خش,10
949,QY4KY9gf,mazda,3n-sedan-ir,1390,115000,685000000,سفید,سالم,سالم و پلمپ,رنگu200cشدگی در ۱ ناحیه,1
950,QY6ewEVG,mazda,3n-sedan-ir,1389,158000,650000000,تیتانیوم,سالم,سالم و پلمپ,سالم و بیu200cخط و خش,8
951,QYn2xvHb,land-rover,ir,1366,200000,155000000,کرم,سالم,سالم و پلمپ,تمامu200cرنگ,9
952,QY6aAclc,peugeot,pars,1397,62000,259000000,سفید,سالم,,سالم و بیu200cخط و خش,10
953,QY4WUIIZ,peugeot,206,1393,140000,205000000,سفید,سالم,سالم و پلمپ,سالم و بیu200cخط و خش,6
954,QYw-5Q_u,hyundai,veloster,2014,110000,695000000,قرمز,سالم,سالم و پلمپ,رنگu200cشدگی، در ۲ ناحیه,6
955,QYsmElta,peugeot,pars,1395,158000,205000000,آبی,سالم,سالم و پلمپ,سالم و بیu200cخط و خش,10
956,QY6egI6J,dena,plus,1400,0,510000000,سفید,سالم,سالم و پلمپ,سالم و بیu200cخط و خش,12
957,QY6SQMZo,renault,tondar-90,1391,192000,223000000,سفید,سالم,سالم و پلمپ,سالم و بیu200cخط و خش,12
958,QY6SQ3n8,hyundai,sonata-yf,2014,120000,1030000000,مشکی,سالم,سالم و پلمپ,سالم و بیu200cخط و خش,7
959,QYHJn9nX,bmw,5-series-sedan,2008,200000,720000000,سفید,سالم,سالم و پلمپ,سالم و بیu200cخط و خش,9
960,QY4yNcgZ,renault,tondar-90,1394,145000,230000000,سفید,سالم,سالم و پلمپ,سالم و بیu200cخط و خش,12
961,QY6Sg2nR,pride,sedan,1385,221000,57000000,سفید صدفی,سالم,سالم و پلمپ,سالم و بیu200cخط و خش,6
962,QY6Kw1tm,pride,111,1391,190000,105000000,نوکu200cمدادی,سالم,سالم و پلمپ,خط و خش جزیی,7
963,QY6Ogzo6,peugeot,pars,1397,67000,241000000,خاکستری,سالم,سالم و پلمپ,سالم و بیu200cخط و خش,5
964,QY6SADZz,renault,megan-ir,1391,122916,420000000,سفید,سالم,سالم و پلمپ,صافکاری بیu200cرنگ,4
965,QY6WQZjL,renault,pars-tondar,1395,64000,338000000,سفید,سالم,سالم و پلمپ,سالم و بیu200cخط و خش,10
966,QY6GAYGI,kia,sportage,2014,110721,1163000000,مشکی,سالم,سالم و پلمپ,خط و خش جزیی,10
967,QY0eZOCc,mg,gs,2016,98300,870000000,سفید,سالم,سالم و پلمپ,سالم و بیu200cخط و خش,2
968,QY5KvCaf,hyundai,accent-ir,1397,67000,683000000,سفید,سالم,سالم و پلمپ,صافکاری بیu200cرنگ,7
969,QY6WAZZU,mvm,530,1393,170000,175000000,خاکستری,سالم,سالم و پلمپ,رنگu200cشدگی در ۲ ناحیه,10
970,QY42tGYv,pride,131,1397,82000,121000000,سفید,سالم,سالم و پلمپ,رنگu200cشدگی در ۲ ناحیه,7
971,QY2yTOAN,chery,tiggo-5,1397,35000,630000000,مشکی,سالم,سالم و پلمپ,سالم و بیu200cخط و خش,3
972,QY6GwkXw,peugeot,206,1388,188000,110000000,سفید,سالم,سالم و پلمپ,سالم و بیu200cخط و خش,6
973,QY6Ggjrd,samand,lx,1395,75000,198000000,سفید,سالم,سالم و پلمپ,سالم و بیu200cخط و خش,4
974,QY6OQRLm,pride,131,1398,45000,137000000,سفید,سالم,سالم و پلمپ,رنگu200cشدگی در ۱ ناحیه,6
975,QYwCKQdg,dongfeng,h30-cross,1395,110000,308000000,مشکی,سالم,سالم و پلمپ,سالم و بیu200cخط و خش,4
976,QY6KgcBK,peugeot,405,1393,126,150000000,دلفینی,سالم,سالم و پلمپ,رنگu200cشدگی، در ۲ ناحیه,12
977,QY6CgQee,peugeot,405,1373,300000,47000000,خاکستری,سالم,سالم و پلمپ,دوررنگ,6
978,QY5-P2Kf,haval,h2-ir,1397,8000,690000000,سفید,سالم,سالم و پلمپ,سالم و بیu200cخط و خش,3
979,QY6KgDUd,nissan,pickup,1392,270000,640000000,سفید,سالم,سالم و پلمپ,خط و خش جزیی,2
980,QY6CgH-7,peugeot,206,1399,16700,250000000,سفید,سالم,سالم و پلمپ,سالم و بیu200cخط و خش,8
981,QY5-P9Nl,changan,cs35,2015,68000,498000000,سفید,سالم,سالم و پلمپ,خط و خش جزیی,5
982,QY6Cg9Jw,nissan,patrol-2-door,1999,110000,325000000,مشکی,سالم,سالم و پلمپ,سالم و بیu200cخط و خش,12
983,QY56f3B6,jac,j4,1398,11500,389000000,سفید,سالم,سالم و پلمپ,سالم و بیu200cخط و خش,10
984,QY4qa_TE,runna,plus,1400,0,265000000,مشکی,,,,7
985,QY5-PvO3,pride,sedan,1384,300000,43700000,یشمی,سالم,سالم و پلمپ,سالم و بیu200cخط و خش,12
986,QYtWe4iY,tiba,hatchback,1400,50000,176000000,سفید,سالم,سالم و پلمپ,سالم و بیu200cخط و خش,7
987,QY5yPRqd,bmw,5-series-sedan,2014,92000,2530000000,سفید,سالم,سالم و پلمپ,رنگu200cشدگی در ۱ ناحیه,6
988,QY52vIPf,kia,cadenza,2012,120000,1300000000,قهوهu200cای,سالم,سالم و پلمپ,سالم و بیu200cخط و خش,6
989,QY5y_uOB,pride,131,1394,140000,109000000,نقرهu200cای,سالم,سالم و پلمپ,رنگu200cشدگی در ۱ ناحیه,6
990,QY56fmLo,peugeot,405,1389,201000,115000000,نقرهu200cای,تعویض شده,سالم و پلمپ,دوررنگ,6
991,QY3yEAvT,hyundai,sonata-yf,2011,210000,775000000,سربی,سالم,سالم و پلمپ,رنگu200cشدگی در ۵ ناحیه,6
992,QY5qPd5r,mg,6,2015,140000,650000000,سفید,سالم,سالم و پلمپ,سالم و بیu200cخط و خش,8
993,QYbukriK,hyundai,santafe-ix45,2017,10000,2100000000,سفید صدفی,سالم,سالم و پلمپ,سالم و بیu200cخط و خش,12
994,QY5qv9II,peugeot,pars,1385,142,137000000,نقرهu200cای,سالم,سالم و پلمپ,خط و خش جزیی,10
995,QY5m_9MT,mercedes-benz,e-class,2014,62000,3200000000,سفید,سالم,سالم و پلمپ,سالم و بیu200cخط و خش,9
996,QY5ivaCJ,quick,manual,1399,1550,199000000,سفید,سالم,سالم و پلمپ,سالم و بیu200cخط و خش,9
997,QY5yvGHf,peugeot,207i,1400,0,360000000,سفید,سالم,سالم و پلمپ,سالم و بیu200cخط و خش,4
998,QY1qLaEB,peugeot,405,1396,72000,178000000,خاکستری,سالم,سالم و پلمپ,رنگu200cشدگی در ۱ ناحیه,4
999,QY5mPTVI,nissan,pickup,1382,111111,140000000,آبی,سالم,سالم و پلمپ,خط و خش جزیی,6
1000,QY5uP0q6,peugeot,pars,1383,220000,92000000,مشکی,سالم,سالم و پلمپ,رنگu200cشدگی در ۲ ناحیه,10
1001,QYzC2iz9,hyundai,santafe-ix45,2016,65000,1680000000,مشکی,سالم,سالم و پلمپ,سالم و بیu200cخط و خش,6
1002,QYoWKUhj,hyundai,genesis-coupe,2011,175000,680000000,آبی,سالم,سالم و پلمپ,دوررنگ,6
1003,QY5m_lvi,citroen,c3,1398,39000,880000000,سفید,سالم,سالم و پلمپ,رنگu200cشدگی، در ۱ ناحیه,6
1004,QY5iP96l,peugeot,206-sd,1394,180000,190000000,سفید,سالم,سالم و پلمپ,رنگu200cشدگی در ۲ ناحیه,8
1005,QYjKrdbj,renault,sandero,1395,35000,413000000,سفید,سالم,سالم و پلمپ,خط و خش جزیی,6
1006,QY5ifabY,pride,111,1390,280000,86700000,سفید,,,رنگu200cشدگی در ۱ ناحیه,12
1007,QYs-OMnY,kia,cadenza,2012,190000,1100000000,مشکی,سالم,سالم و پلمپ,رنگu200cشدگی در ۲ ناحیه,9
1008,QY5ivb7r,kia,rio-ir,1389,120000,118000000,بژ,سالم,,دوررنگ,12
1009,QY5qfYqe,delica,van,1376,500000,66000000,نقرهu200cای,سالم,سالم و پلمپ,دوررنگ,3
1010,QY5mfmxD,citroen,c3,1397,18000,920000000,سفید,سالم,سالم و پلمپ,سالم و بیu200cخط و خش,12
1011,QY4m8A-P,peugeot,pars,1387,148000,137000000,سفید,سالم,سالم و پلمپ,رنگu200cشدگی در ۱ ناحیه,10
1012,QY5ivBb0,samand,lx,1393,240000,145000000,سفید,سالم,سالم و پلمپ,رنگu200cشدگی در ۲ ناحیه,3
1013,QY2GxBl0,peugeot,206,1389,159000,139500000,گیلاسی,سالم,سالم و پلمپ,خط و خش جزیی,5
1014,QY5a_-cV,pride,111,1392,130000,119000000,سفید,سالم,سالم و پلمپ,سالم و بیu200cخط و خش,11
1015,QY5if9Ks,pride,131,1393,131000,95000000,خاکستری,سالم,,خط و خش جزیی,12
1016,QYjCEKZJ,mvm,x22,1400,0,290000000,سفید صدفی,سالم,سالم و پلمپ,سالم و بیu200cخط و خش,12
1017,QY5iP2IG,nissan,teana-im,2012,42000,1350000000,مشکی,سالم,,رنگu200cشدگی در ۱ ناحیه,1
1018,QY5ivLlx,hyundai,elantra,2015,62000,930000000,قهوهu200cای,سالم,سالم و پلمپ,خط و خش جزیی,7
1019,QY5WPbES,samand,lx,1397,66000,207000000,سفید,سالم,,,8
1020,QY5evd4F,peugeot,pars,1399,0,274000000,سفید صدفی,سالم,سالم و پلمپ,سالم و بیu200cخط و خش,11
1021,QY5WvAEy,peugeot,405,1396,93000,195000000,خاکستری,سالم,سالم و پلمپ,سالم و بیu200cخط و خش,12
1022,QY5a_-IG,mvm,110,1393,120000,90000000,آبی,سالم,سالم و پلمپ,رنگu200cشدگی، در چند ناحیه,3
1023,QYcC6M1n,mvm,x22,1400,0,204000000,خاکستری,,,سالم و بیu200cخط و خش,12
1024,QY6aCjJT,pride,131,1398,62000,138000000,سفید,سالم,سالم و پلمپ,سالم و بیu200cخط و خش,8
1025,QY6eCrV3,pride,131,1398,62000,138000000,سفید,سالم,سالم و پلمپ,سالم و بیu200cخط و خش,8
1026,QY6SCvzJ,pride,131,1399,13000,151000000,سفید,سالم,سالم و پلمپ,سالم و بیu200cخط و خش,10
1027,QY6ix_Ml,pride,131,1397,53528,133500000,سفید,سالم,سالم و پلمپ,سالم و بیu200cخط و خش,8
1028,QY6SB_g8,pride,131,1395,70000,115000000,سفید,سالم,سالم و پلمپ,خط و خش جزیی,4
